content,date,like,place,tags
".💙 구좌 ""제주모랑"" 💙사장님들이 손수 만든 수제소품들이 가득~좋은향이 가득한 구좌의 예쁜 소품샵이야　제주스럽고 아기자기한 소품도 많고다양한 향의 디퓨저 맛집으로 핫함👀❣감성충전하러 가기 딱이쟈나,,🎀@세화해변 근처니까 꼭 들러볼것!📌저장필수　　✅제주시 구좌읍 세화리 구좌로 48✅010-2779-2947✅@Jejumorang　　#제주모랑 #제주소품샵 #세화소품샵 #제주기념품 #제주기념품샵 #구좌읍소품샵 #제주선물가게 #제주소품샵투어 #제주기념품가게 #제주선물추천 #제주시소품샵 #제주여행선물 #제주여행선물추천 #제주여행 #제주핫플 #제주가볼만한곳 #제주도소품샵 #세화가볼만한곳 #제주맛집 #제주도맛집 #서귀포맛집 #제주카페 #서귀포카페",2021-08-18,"1,027",,"['#제주모랑', '#제주소품샵', '#세화소품샵', '#제주기념품', '#제주기념품샵', '#구좌읍소품샵', '#제주선물가게', '#제주소품샵투어', '#제주기념품가게', '#제주선물추천', '#제주시소품샵', '#제주여행선물', '#제주여행선물추천', '#제주여행', '#제주핫플', '#제주가볼만한곳', '#제주도소품샵', '#세화가볼만한곳', '#제주맛집', '#제주도맛집', '#서귀포맛집', '#제주카페', '#서귀포카페']"
.< 제주해물라면 맛집모음! > 일단저장@ 해물 아낌없이 주는 해물라면 맛집!바다뷰보며 먹는 해물라면은 말이 필요없음!저장해뒀다가 다음 여행시 참고하기!함께 하고픈 친구소환@..#제주맛집 #제주도맛집 #제주공항근처맛집 #제주시맛집 #애월맛집 #중문맛집 #제주공항맛집 #서귀포맛집 #산방산맛집 #신제주맛집 #제주시청맛집 #제주애월맛집 #월정리맛집 #제주여행 #제주핫플,2021-08-18,"1,008",,"['#제주맛집', '#제주도맛집', '#제주공항근처맛집', '#제주시맛집', '#애월맛집', '#중문맛집', '#제주공항맛집', '#서귀포맛집', '#산방산맛집', '#신제주맛집', '#제주시청맛집', '#제주애월맛집', '#월정리맛집', '#제주여행', '#제주핫플']"
"그 유명한 #연돈 에 다녀왔습니다. 그런데ㅎ;;;⠀⠀⠀⠀⠀⠀⠀어마무시한 웨이팅으로 찐맛집임을 입증하던 #제주도연돈 이최근 #테이블링 이라는 어플을 통해 예약이 가능해짐으로써극약의 예약 난이도를 자랑하는 먹켓팅맛집으로 거듭났는데요예약 경쟁이 거즘 전쟁급이지만 기꺼이 참전했고, 승리했습니다⠀⠀⠀⠀⠀⠀⠀주문한 메뉴는 등심까스(9,000원)와 치즈까스(10,000원)⭐️수제카레(3,000원)는 현장에서 별도로 추가 주문을 받는데ㄹㅇ 존맛이니까 고민하지 마시고 무조건 [1인 1카레] 하세오 !⠀⠀⠀⠀⠀⠀⠀(입장한 순서와 관계없이 예약 순서대로 서빙해 주시기 때문에더 늦게 들어온 팀이 음식을 먼저 받는 경우가 종종 있는데이에 대한 이해도가 낮아서인지 관련된 악평이 꽤 많더라구요)⠀⠀⠀⠀⠀⠀⠀이윽고 메뉴가 당도한 순간, 뭔가 잘못됐음을 직감했습니다🗿비계부분을 날리고 살코기만 썼다지만 한 눈에 봐도 넘 퍽퍽쓰분명 풍부한 육즙과 부드러운 식감이라고 적혀있었는데 말이죠그렇다고해서 잡내가 나거나하진 않았지만 특별함은 1도 없는;;;⠀⠀⠀⠀⠀⠀⠀더 심각한건 글루텐 함량이 적은+수제 빵가루인 것 까진 좋은데앞, 뒤로 바삭하다 못해 입천장이 까질 정도로 너무 거칠어서에라 모르겠다하고 먹었다가 다음날까지 고생을 했읍니다 ,,ㅎ네, 지금까지 도무지 이해할 수 없는 연돈 등심까스 후기였구요⠀⠀⠀⠀⠀⠀⠀지금의 골목식당을 있게한 장본인, 치돈은 역시나 존맛탱😇♥️#등심까스 와는 전혀 다른 컨디션의 음식이라 깜짝 놀랐습니당만원 한장으로 영접할 수 있는 최고의 치즈까스가 아닐까싶은,,,⠀⠀⠀⠀⠀⠀⠀수제카레 역시 백종원선생님께서 극찬하신 이유가 납득가는 맛양파 카라멜라이징을 어찌나 정성들여서 했는지 풍/미/작/렬1숟갈에 1감탄을 부르는 맛이라, 지나가는 사람 붙잡고 제발한 입만 먹어보라고 하고싶을 정도입니다ㅠ🥺 핵ㅠ존ㅠ맛ㅠ⠀⠀⠀⠀⠀⠀⠀연돈의 ‘ㅇ’라도 경험하고 싶은 분들을 위해 테이크아웃 전용인#수제볼카츠 라는 메뉴도 출시됐다고 하니 궁금하신 분들은매일 오후 8시에 테이블링 앱을 통해 예약에 도전해보세요🙏🏻⠀⠀⠀⠀⠀⠀⠀+) 다녀오신 분들의 리얼후기가 궁금합니다 제발 공유해 주세요⠀⠀⠀⠀⠀⠀⠀📍제주 서귀포시 일주서로 968-10(색달동  2156-2)☎️ 0507-1386-7060🕰 매일 12:00–21:00(B.T 16:00~18:00)/매주 월요일 휴무⠀⠀⠀⠀⠀⠀⠀#아토짱_제주 #제주도맛집 #제주맛집 #제주도가볼만한곳#서귀포맛집 #색달동맛집 #제주도핫플 #제주서귀포맛집#제주도맛집추천 #제주도돈까스 #제주도핫플 #제주도점심",2021-08-18,"e_foodie님 외 4,534명이 좋아합니",,"['#연돈', '#제주도연돈', '#테이블링', '#등심까스', '#수제볼카츠', '#아토짱_제주', '#제주도맛집', '#제주맛집', '#제주도가볼만한곳', '#서귀포맛집', '#색달동맛집', '#제주도핫플', '#제주서귀포맛집', '#제주도맛집추천', '#제주도돈까스', '#제주도핫플', '#제주도점심']"
.한림 #문도지오름방목된 조랑말과 교감까지 할 수이따규~일몰 시간에 맞춰서 가면 멋진 노을까지 볼 수 있으니 제주앓이에 무적권 걸린다...@이러니 제주를 사랑할 수 바꿰업쮜@코로롱시키!! 얼른 사라져!!✔장소_문도지오름✔주소_제주 제주시 한림읍 금악리-올레길 14-1코스에 위치-올레길가는법꿀팁_나뭇가지에 리본모양(파랑+빨강)끈이 묶여있다고한다_쭉가면 경고판문이 있는데 들어가면 된다_샛길로 5~6분정도 올라가면 된다..#제주맛집 #제주도맛집 #제주공항근처맛집 #제주시맛집 #애월맛집 #중문맛집 #제주공항맛집 #서귀포맛집 #산방산맛집 #신제주맛집 #제주시청맛집 #제주애월맛집 #월정리맛집 #제주여행 #제주핫플,2021-08-17,"1,303",,"['#문도지오름방목된', '#제주맛집', '#제주도맛집', '#제주공항근처맛집', '#제주시맛집', '#애월맛집', '#중문맛집', '#제주공항맛집', '#서귀포맛집', '#산방산맛집', '#신제주맛집', '#제주시청맛집', '#제주애월맛집', '#월정리맛집', '#제주여행', '#제주핫플']"
"<광고>#제주분식 https://jejubunsig.modoo.at/ 📌제주시 귀아랑길 23 (제주공항 5분거리)📌매일 10:00 - 16:00📌064-726-2120안녕하세요 제주분식입니다.* 제주분식은 제주산 식자재를 사용하여 안전하고 건강한 먹거리를 추구하는 제주산 로컬푸드 분식카페입니다.*제주공항에서 차로 5분거리에위치하고있어서 제주를 찾는 여행객분들이나 여행중이신분들에게 빠르고 간편한 식사와 포장메뉴를 제공합니다.* 주요메뉴- 모당모당 = 모당준다라는 제주도 사투리로써 제주분식의 모듬분식을 표현하는 제주분식만의 시그니처메뉴입니다.참고로 모당모당에는 떡볶이,순대,튀김,면사리가 함께들어갑니다.- 돔베라면, 매운돔베라면(돔베란? 갓삶은 돼지고기를 나무도마에 얹어 덩어리째 썰어 먹는 제주도 향토지역음식입니다.)생면과 제주돔베고기의 진한육수가 어우러지는 메뉴입니다.- 돔베김밥제주돔베고기를 듬뿍넣은 제주분식만의 메뉴입니다.  - 전복김밥 = 매일아침 신선한 전복을 구매하여 정성껏손질후 볶은후 싱싱한 김밥을 만들고있습니다.- 제주해물라면 = 싱싱한 여러 가지해산물이 들어있고 특별한육수맛이 생면과 어울리는 제주분식만의 메뉴   * 제주 로컬푸드 분식카페 제주분식. 064-726-2120주소 - 제주시 귀아랑길 23 (제주공항 5분거리), 영업시간은 10:00부터~16:00까지입니다.  * 제주분식을 좋아해주시는분들은 10대~20대 SNS를 좋아하시는 여성분들과 커플분들이며, 그리고 어린이를 동반한가족고객분들 그외 2~3대 대가족여행을 함께다니는 가족분들이 많이 찾고계십니다. 제주여행중 꼭 들려야하는 분식 맛집 알려줌‼제주 로컬푸드로 만든 분식카페 공항근처 #제주분식⠀간편하게 먹기 좋은 메뉴들로 여행객들이 꼭 찾는 곳!싱싱한 제주 식자재로 만들어 안전,건강한 먹거리뿐맛있는거 싹 모은 모듬분식 #모당모당 과 #돔베라면돔베김밥,전복김밥,해물라면도 믿먹템👍🏻👍🏻비줠도 좋아서 커플들, 가족여행객들도 많이 찾는다공⠀⠀📌제주시 귀아랑길 23 (제주공항 5분거리)📌매일 10:00 - 16:00📌064-726-2120#제주맛집 #제주도맛집 #제주시맛집#제주공항근처맛집 #제주공항맛집 #제주맛집추천 #제주도맛집추천 #제주현지인맛집 #제주가볼만한곳 #제주도먹거리 #제주여행 #제주도여행#애월맛집 #제주연동맛집 #제주해물라면",2021-08-16,0,,"['#제주분식', '#제주분식⠀간편하게', '#모당모당', '#돔베라면돔베김밥', '#제주맛집', '#제주도맛집', '#제주시맛집', '#제주공항근처맛집', '#제주공항맛집', '#제주맛집추천', '#제주도맛집추천', '#제주현지인맛집', '#제주가볼만한곳', '#제주도먹거리', '#제주여행', '#제주도여행', '#애월맛집', '#제주연동맛집', '#제주해물라면']"
협찬환상적인 바다뷰를 지닌 숙성근고기 흑돼지맛집 💘💧064 - 711 - 3733💧제주시 애월읍 애월해안로 907💧매일 11:00 ~ 23:00(연중무휴)💧브레이크타임 NO💧런치세트 11:00 ~ 14:00#애월리식당#애월맛집 #애월흑돼지 #제주애월맛집 #제주도맛집#제주맛집#애월흑돼지맛집 #애월흑돼지 #제주흑돼지 #제주도흑돼지 #협재맛집 #제주공항근처맛집 #애월해안도로맛집#한림맛집 #애월읍맛집,2021-08-17,0,,"['#애월리식당', '#애월맛집', '#애월흑돼지', '#제주애월맛집', '#제주도맛집', '#제주맛집', '#애월흑돼지맛집', '#애월흑돼지', '#제주흑돼지', '#제주도흑돼지', '#협재맛집', '#제주공항근처맛집', '#애월해안도로맛집', '#한림맛집', '#애월읍맛집']"
"협찬제주썬셋맛집 ""랍스터빈""주소 : 제주시 애월읍 애월해안로 752전화 : 064-743-1979영업 : 오전11시~밤10시 연중무휴포장ㆍ배달 환영💘 랍스터빈#애월맛집 #애월카페 #애월읍맛집 #제주애월맛집 #제주도맛집 #제주맛집 #제주도카페 #제주카페 #외도맛집 #하귀맛집 #한림맛집 #한림카페#애월해안도로맛집 #애월가볼만한곳 #제주공항맛집 #제주공항근처맛집 #제주도 #제주여행",2021-08-17,0,,"['#애월맛집', '#애월카페', '#애월읍맛집', '#제주애월맛집', '#제주도맛집', '#제주맛집', '#제주도카페', '#제주카페', '#외도맛집', '#하귀맛집', '#한림맛집', '#한림카페', '#애월해안도로맛집', '#애월가볼만한곳', '#제주공항맛집', '#제주공항근처맛집', '#제주도', '#제주여행']"
"제주의 낮과밤은 언제나 즐거움이 가득해요 선선한 날씨라 야외테이블을 이용하기 딱 좋은 시즌이에요 오늘 같은 날 평생테이블에 앉아 맛있는 갈치조림, 활어모듬회 맛보세요!! 제주여행중거나 계획하고 계신다면 이곳을 빼 놓으면 안되겠죠?? 오픈 10시30분 라스트오더 21시 마감 22시 위치 #애월북서길54 #애월하미 전화문의 070 4566 9000 #애월맛집 #제주맛집 #제주도맛집#애월통갈치조림#애월통갈치조림맛집#애월횟집 #제주횟집#제주야외맛집#제주야외식당#제주도갈치조림전문점#제주도통갈치조림맛집#제주도갈치구이맛집#애월하미 #제주여행#제주도존맛",2021-08-18,0,,"['#애월북서길54', '#애월하미', '#애월맛집', '#제주맛집', '#제주도맛집', '#애월통갈치조림', '#애월통갈치조림맛집', '#애월횟집', '#제주횟집', '#제주야외맛집', '#제주야외식당', '#제주도갈치조림전문점', '#제주도통갈치조림맛집', '#제주도갈치구이맛집', '#애월하미', '#제주여행', '#제주도존맛']"
"☑️상표등록 문제로 훈이네해장국 -> 채훈이네해장국으로 상호변경됩니다.☑️ 내일도 활짝 열려있어요~~ 많이 찾아주세요 😊😊오전 6:30 오픈해 이른 아침식사 가능합니다 :)———————————————영업시간: 월~금 6:30 - 15:00토요일 휴무, 일요일 6:30 - 15:00last order: 14:30모든 메뉴 포장, 택배 가능———————————————#채훈이네해장국 #채훈이네고사리육개장 #짠내투어 #제주도 #제주 #고사리육개장택배 #신창맛집 #한경면맛집 #제주도가볼만한곳 #제주가볼만한곳 #신창풍차해안도로 #신창해안도로 #제주도맛집 #제주도민맛집 #제주맛집 #제주맛집추천 #제주도맛집추천 #제주도여행 #제주여행 #제주도민 #제주맛집모음 #제주일상 #맞팔 #소통 #소통환영 #인친 #인친환영 #인친해요 #인친님 #좋반",2021-08-17,137,,"['#채훈이네해장국', '#채훈이네고사리육개장', '#짠내투어', '#제주도', '#제주', '#고사리육개장택배', '#신창맛집', '#한경면맛집', '#제주도가볼만한곳', '#제주가볼만한곳', '#신창풍차해안도로', '#신창해안도로', '#제주도맛집', '#제주도민맛집', '#제주맛집', '#제주맛집추천', '#제주도맛집추천', '#제주도여행', '#제주여행', '#제주도민', '#제주맛집모음', '#제주일상', '#맞팔', '#소통', '#소통환영', '#인친', '#인친환영', '#인친해요', '#인친님', '#좋반']"
제주도에서 가장 맛있는버거!할렘버거!할렘버거세트 13.9할렘갈릭버거세트 14.9할렘버거 9.9할렘갈릭버거 10.9포장도 ok!!.....#할렘버거 #제주도할렘버거 #서귀포할렘버거 #음식 #먹스타그램 #먹방 #food #hamburg#제주도버거 #제주도수제버거 #제주버거 #제주도햄버거 #서귀포버거 #서귀포수제버거 #서귀포햄버거 #제주도맛집 #제주도여행 #서귀포맛집 #서귀포카페 #제주도카페 #제주도가볼만한곳 #제주도 #제주핫플,2021-08-19,5,,"['#할렘버거', '#제주도할렘버거', '#서귀포할렘버거', '#음식', '#먹스타그램', '#먹방', '#food', '#hamburg', '#제주도버거', '#제주도수제버거', '#제주버거', '#제주도햄버거', '#서귀포버거', '#서귀포수제버거', '#서귀포햄버거', '#제주도맛집', '#제주도여행', '#서귀포맛집', '#서귀포카페', '#제주도카페', '#제주도가볼만한곳', '#제주도', '#제주핫플']"
애월 로드129성게크림파스타흑돼지 멘치카츠흑돼지 치즈돈까스흑돼지 고구마치즈돈까스흑돼지 수제돈까스해물야끼소바재료소진시 조기마감전메뉴 포장가능#애월맛집#제주맛집#애월읍맛집#애월항맛집#제주애월점심#애월맛집추천#제주애월맛집#애월점심추천#애월밥집#제주현지인맛집#제주도민추천맛집#제주도현지인맛집#도민맛집#제주혼밥#제주시맛집#제주도맛집#제주도민맛집#금능맛집#한림맛집#협재맛집#협재해수욕장맛집#곽지해수욕장맛집#더럭분교맛집#애월해안도로#제주서쪽맛집#애월데이트코스#새별오름#애월카페#제주데이트코스,2021-08-19,저 좋아요를 눌러보세,,"['#애월맛집', '#제주맛집', '#애월읍맛집', '#애월항맛집', '#제주애월점심', '#애월맛집추천', '#제주애월맛집', '#애월점심추천', '#애월밥집', '#제주현지인맛집', '#제주도민추천맛집', '#제주도현지인맛집', '#도민맛집', '#제주혼밥', '#제주시맛집', '#제주도맛집', '#제주도민맛집', '#금능맛집', '#한림맛집', '#협재맛집', '#협재해수욕장맛집', '#곽지해수욕장맛집', '#더럭분교맛집', '#애월해안도로', '#제주서쪽맛집', '#애월데이트코스', '#새별오름', '#애월카페', '#제주데이트코스']"
제주시 영평동 회심.전에 갔을때보다 사람이 더 많아짐참다랑어참깨소바+톳유부초밥 시켰는데 참다랑어보단 고등어가 좋았던거 같음 ㅎㅎ;; 유부초밥은 맛있었음#회심 #제주시맛집 #제주도맛집 #소바맛집 #참다랑어참깨소바 #톳유부초밥,2021-08-19,3,,"['#회심', '#제주시맛집', '#제주도맛집', '#소바맛집', '#참다랑어참깨소바', '#톳유부초밥']"
#청춘괴기아스파라거스랑 흑돼지랑 넘 잘어울리능데..조합 너무좋다 !!고기 육즙도 풍부하구 ㅎㅎㅎ 다 직접구워주셔서 먹기도 편했어용 '😘#서귀포맛집 #서귀포흑돼지맛집#서귀포신시가지맛집 #제주중문맛집#중문맛집 #서귀포흑돼지#제주흑돼지맛집 #제주도흑돼지맛집#중문흑돼지맛집 #중문흑돼지#서귀포맛집추천 #천지연폭포맛집#천제연폭포맛집 #청춘괴기본점#청춘괴기동홍점 #청춘괴기신시가지점#제주근고기 #돈마호크#제주맛집 #제주도맛집 #돈마호크맛집,2021-08-19,저 좋아요를 눌러보세,,"['#청춘괴기아스파라거스랑', '#서귀포맛집', '#서귀포흑돼지맛집', '#서귀포신시가지맛집', '#제주중문맛집', '#중문맛집', '#서귀포흑돼지', '#제주흑돼지맛집', '#제주도흑돼지맛집', '#중문흑돼지맛집', '#중문흑돼지', '#서귀포맛집추천', '#천지연폭포맛집', '#천제연폭포맛집', '#청춘괴기본점', '#청춘괴기동홍점', '#청춘괴기신시가지점', '#제주근고기', '#돈마호크', '#제주맛집', '#제주도맛집', '#돈마호크맛집']"
"#달달한밤오늘 제가 소개해드릴 맛집은 닭도리탕이 맛있는 술집입니다맨 처음에 혼술하러 갔다가 분위기도 좋구 가게에서 키우는 강아지(오월이)가 보고 싶어서 자주 가게 된 술집인데요그렇게 혼자서도 가기도 하고 친구들이랑도 여러번 갔던 술집이예요가게 분위기는 깔끔하고 음악도 제가 좋아하는 발라드가 나와서 좋았어요또 2층에 위치하다보니 비올때면 창밖에 비내리는걸 바라보며 소주 한 잔하기에도 딱 좋은 공간이네요안주도 다양하게 많이 파는데, 정말 안주가 하나하나 다 맛있었어요 개인적으론 닭도리탕이 제일 맛있었던걸로 기억에 남네요간도 적당하고, 적당히 매콤함에 닭과 잘어우려져 맛있었어요성산에서 술 마시러 간다고 하면 딱 최적화된 장소라고 생각이 들어서 추천해요특히 오월이 또 보러가고 싶네요My evaluation.🙋🏻‍♂️Favor-9.5/10Vibe-9.3/10Service-9.7/10",2021-08-19,저 좋아요를 눌러보세,,['#달달한밤오늘']
월정리 유메이우동소고기우동 곱창우동 찐맛집!#제주맛집#제주도민맛집#제주도맛집#제주월정리맛집#월정리맛집#구좌맛집#제주성산맛집#제주살이#제주한달살기#제주구좌맛집#유메이우동#제주유메이우동#곱창우동#소고기우동#카레우동#데일리#금요일#제주여행#제주여행코스#애월맛집#함덕맛집#제주함덕맛집#제주애월맛집#한림맛집,2021-08-19,1,,"['#제주맛집', '#제주도민맛집', '#제주도맛집', '#제주월정리맛집', '#월정리맛집', '#구좌맛집', '#제주성산맛집', '#제주살이', '#제주한달살기', '#제주구좌맛집', '#유메이우동', '#제주유메이우동', '#곱창우동', '#소고기우동', '#카레우동', '#데일리', '#금요일', '#제주여행', '#제주여행코스', '#애월맛집', '#함덕맛집', '#제주함덕맛집', '#제주애월맛집', '#한림맛집']"
#맛스타그램촵촵 #맛있당 #먹고파 #제주여행 #미용 #밤참 #먹스타그램꿈나무 #제주도맛집 #셀피스타그램 #강남맛집 #꿀꺽 #창원맛집 #남포동맛집 #범어동맛집 #반찬 #여의도맛집 #맛난다그램,2021-08-19,저 좋아요를 눌러보세,,"['#맛스타그램촵촵', '#맛있당', '#먹고파', '#제주여행', '#미용', '#밤참', '#먹스타그램꿈나무', '#제주도맛집', '#셀피스타그램', '#강남맛집', '#꿀꺽', '#창원맛집', '#남포동맛집', '#범어동맛집', '#반찬', '#여의도맛집', '#맛난다그램']"
고생한 내시끼 맛있게 드시개🧡,2021-08-19,5,,[]
처서가 임박했습니다올 여름 마지막 콩국수가 아닐까요,2021-08-19,4,,[]
애월 로드129성게크림파스타흑돼지 멘치카츠흑돼지 치즈돈까스흑돼지 고구마치즈돈까스흑돼지 수제돈까스해물야끼소바재료소진시 조기마감전메뉴 포장가능#애월맛집#제주맛집#애월읍맛집#애월항맛집#제주애월점심#애월맛집추천#제주애월맛집#애월점심추천#애월밥집#제주현지인맛집#제주도민추천맛집#제주도현지인맛집#도민맛집#제주혼밥#제주시맛집#제주도맛집#제주도민맛집#금능맛집#한림맛집#협재맛집#협재해수욕장맛집#곽지해수욕장맛집#더럭분교맛집#애월해안도로#제주서쪽맛집#애월데이트코스#새별오름#애월카페#제주데이트코스,2021-08-19,저 좋아요를 눌러보세,,"['#애월맛집', '#제주맛집', '#애월읍맛집', '#애월항맛집', '#제주애월점심', '#애월맛집추천', '#제주애월맛집', '#애월점심추천', '#애월밥집', '#제주현지인맛집', '#제주도민추천맛집', '#제주도현지인맛집', '#도민맛집', '#제주혼밥', '#제주시맛집', '#제주도맛집', '#제주도민맛집', '#금능맛집', '#한림맛집', '#협재맛집', '#협재해수욕장맛집', '#곽지해수욕장맛집', '#더럭분교맛집', '#애월해안도로', '#제주서쪽맛집', '#애월데이트코스', '#새별오름', '#애월카페', '#제주데이트코스']"
여기는 #오설록티뮤지엄,2021-08-19,07님 외 11명이 좋아합니,,['#오설록티뮤지엄']
제주도 오면 흑돼지 꼭 먹어야한다는 생각에 오자마자 첫방문 했는데 여기 리얼이였다 ..ㅎㅎ.. 연탄구이라 더 맛있음 #제주도맛집꺼멍연탄구이#제주도맛집 #신화월드맛집 #오설록맛집 #카멜리아힐맛집 #한경면맛집 #제주도흑돼지맛집 #송악산맛집 #산방산맛집 #오설록티뮤지엄 #제주신화월드메리어트 #제주신화월드 #제주도현지인맛집 #제주현지인맛집 #제주도가볼만한곳 #제주도여행 #저지리맛집,2021-08-19,저 좋아요를 눌러보세,,"['#제주도맛집꺼멍연탄구이', '#제주도맛집', '#신화월드맛집', '#오설록맛집', '#카멜리아힐맛집', '#한경면맛집', '#제주도흑돼지맛집', '#송악산맛집', '#산방산맛집', '#오설록티뮤지엄', '#제주신화월드메리어트', '#제주신화월드', '#제주도현지인맛집', '#제주현지인맛집', '#제주도가볼만한곳', '#제주도여행', '#저지리맛집']"
애월 로드129성게크림파스타흑돼지 멘치카츠흑돼지 치즈돈까스흑돼지 고구마치즈돈까스흑돼지 수제돈까스해물야끼소바재료소진시 조기마감전메뉴 포장가능#애월맛집#제주맛집#애월읍맛집#애월항맛집#제주애월점심#애월맛집추천#제주애월맛집#애월점심추천#애월밥집#제주현지인맛집#제주도민추천맛집#제주도현지인맛집#도민맛집#제주혼밥#제주시맛집#제주도맛집#제주도민맛집#금능맛집#한림맛집#협재맛집#협재해수욕장맛집#곽지해수욕장맛집#더럭분교맛집#애월해안도로#제주서쪽맛집#애월데이트코스#새별오름#애월카페#제주데이트코스,2021-08-19,저 좋아요를 눌러보세,,"['#애월맛집', '#제주맛집', '#애월읍맛집', '#애월항맛집', '#제주애월점심', '#애월맛집추천', '#제주애월맛집', '#애월점심추천', '#애월밥집', '#제주현지인맛집', '#제주도민추천맛집', '#제주도현지인맛집', '#도민맛집', '#제주혼밥', '#제주시맛집', '#제주도맛집', '#제주도민맛집', '#금능맛집', '#한림맛집', '#협재맛집', '#협재해수욕장맛집', '#곽지해수욕장맛집', '#더럭분교맛집', '#애월해안도로', '#제주서쪽맛집', '#애월데이트코스', '#새별오름', '#애월카페', '#제주데이트코스']"
애월 로드129성게크림파스타흑돼지 멘치카츠흑돼지 치즈돈까스흑돼지 고구마치즈돈까스흑돼지 수제돈까스해물야끼소바재료소진시 조기마감전메뉴 포장가능#애월맛집#제주맛집#애월읍맛집#애월항맛집#제주애월점심#애월맛집추천#제주애월맛집#애월점심추천#애월밥집#제주현지인맛집#제주도민추천맛집#제주도현지인맛집#도민맛집#제주혼밥#제주시맛집#제주도맛집#제주도민맛집#금능맛집#한림맛집#협재맛집#협재해수욕장맛집#곽지해수욕장맛집#더럭분교맛집#애월해안도로#제주서쪽맛집#애월데이트코스#새별오름#애월카페#제주데이트코스,2021-08-19,저 좋아요를 눌러보세,,"['#애월맛집', '#제주맛집', '#애월읍맛집', '#애월항맛집', '#제주애월점심', '#애월맛집추천', '#제주애월맛집', '#애월점심추천', '#애월밥집', '#제주현지인맛집', '#제주도민추천맛집', '#제주도현지인맛집', '#도민맛집', '#제주혼밥', '#제주시맛집', '#제주도맛집', '#제주도민맛집', '#금능맛집', '#한림맛집', '#협재맛집', '#협재해수욕장맛집', '#곽지해수욕장맛집', '#더럭분교맛집', '#애월해안도로', '#제주서쪽맛집', '#애월데이트코스', '#새별오름', '#애월카페', '#제주데이트코스']"
"오늘 제주는 맑음~가을이 다가오는지 요즘 구름들도 참 이쁘고~아침 일찍이 귀여운 외국손님이 오셨네요~그전에도 방문 했었는지 그전이랑 많이 달라졌다보 오너가 바뀌었냐고 묻던. . ㅎㅎ너무 좋다며 엄지척 👍  해주시고 가셨다는~❤서귀포 #어린왕자감귤밭 ❤동남아 갬성까지 담뿍 담아놓은!갓성비 대박쩌는 이색체험카페❤음료 한 잔 값으로 동물먹이주기체험부터,같이 산책하기, 사진찍기 이 모든걸 다 할 수 있는거 실화,,?❤동물 종류도 알파카와 미니 말포니,기니피드, 타조, 라쿤까지!!!😍최근에 조경 공사로 동남아 갬성까지 더해져서해외갬성 인생샷까지 겟 가능하다구~게다가 게스트하우스도 같이하니까숙소걱정도 할 필요 없는거 넘됴아,,❤ @여기 밤에도 개이쁨✨✔제주 서귀포시 대정읍 추사로36번길 45-1✔매일 09:30 - 20:00✔@jeju.gosuhan.#서귀포카페 #서귀포맛집 #서귀포데이트 #서귀포핫플 #서귀포밥집 #서귀포맛집추천 #서귀포숙소 #서귀포카페추천 #제주맛집 #제주밥집 #제주핫플 #제주핫플레이스 #제주도밥집 #제주도카페 #제주도맛집 #제주도여행 #제주도핫플 #제주가볼만한곳 #제주도가볼만한곳 #제주도숙소 #제주숙소",2021-08-19,9,,"['#어린왕자감귤밭', '#서귀포카페', '#서귀포맛집', '#서귀포데이트', '#서귀포핫플', '#서귀포밥집', '#서귀포맛집추천', '#서귀포숙소', '#서귀포카페추천', '#제주맛집', '#제주밥집', '#제주핫플', '#제주핫플레이스', '#제주도밥집', '#제주도카페', '#제주도맛집', '#제주도여행', '#제주도핫플', '#제주가볼만한곳', '#제주도가볼만한곳', '#제주도숙소', '#제주숙소']"
.8월 19일 오늘의 제주.일주일만의 제주 역시 덥다는😵‍💫,2021-08-19,3,,[]
#제주도 #두가시의부엌 #고사리갈치조림#흑돼지양념구이한접시#서귀포#제주도맛집,2021-08-19,2,,"['#제주도', '#두가시의부엌', '#고사리갈치조림', '#흑돼지양념구이한접시', '#서귀포', '#제주도맛집']"
🌧🌧,2021-08-19,14,,[]
🌧🌧,2021-08-19,10,,[]
.빨주노초파보 🌈쫀득쫀득 꼬끄에 맛있는 필링🤤✨월정 바다와 함께일 때 더 빛이 나는 무지개 수카롱 ❤️🧡💛💚💙💜제주시 구좌읍 해맞이해안로 406 카페콧수염070-4131-8880방문해주신 모든 분들께 감사드립니다예쁜 사진 남겨주셔서 감사합니다 🌷#애월맛집 #제주도마카롱 #제주도민맛집 #월정리카페거리 #제주카페 #제주피크닉 #월정리맛집 #제주동쪽카페 #제주 #서귀포카페 #제주카페투어 #월정리 #월정리해수욕장 #월정리콧수염 #제주도 #구좌읍 #제주월정리카페 #제주월정리 #공항근처맛집 #제주도기념품 #월정리카페 #월정리카페콧수염 #제주여행 #제주도맛집 #제주맛집 #성산카페 #제주카페추천 #제주도카페 #제주시카페 #월정리해변,2021-08-19,저 좋아요를 눌러보세,,"['#애월맛집', '#제주도마카롱', '#제주도민맛집', '#월정리카페거리', '#제주카페', '#제주피크닉', '#월정리맛집', '#제주동쪽카페', '#제주', '#서귀포카페', '#제주카페투어', '#월정리', '#월정리해수욕장', '#월정리콧수염', '#제주도', '#구좌읍', '#제주월정리카페', '#제주월정리', '#공항근처맛집', '#제주도기념품', '#월정리카페', '#월정리카페콧수염', '#제주여행', '#제주도맛집', '#제주맛집', '#성산카페', '#제주카페추천', '#제주도카페', '#제주시카페', '#월정리해변']"
"함덕해수욕장에서 차타고 1-2분거리 한번에 다섯가지를 먹을 수 있는 곳후식으로 우도땅콩아이스림까지 !!메뉴 : 안녕제주한상, 한라산을 품다, 뿔소라전복비빔밥, 뿔소라국수, 전복죽, 어린이한상위치 : 함덕 18길19영업시간 : 오전10시~오후7시20분함덕 맛집 안녕제주 많은 방문 부탁드립니다~ㅎㅎ#제주도 #제주도핫플 #제주맛집 #제주도맛집 #제주도현지인맛집 #제주현지인맛집 #제주현지인추천맛집 #함덕 #함덕맛집 #함덕해수욕장근처맛집 #함덕해변 #함덕해수욕장맛집 #함덕카페 #함덕소노벨리조트 #제주도여행 #제주도민맛집 #흑돼지 #우도땅콩아이스크림 #먹방 #함덕맛집탐방 #혼밥스타그램 #안녕제주 #함덕혼밥 #함덕해수욕장 #함덕현지인맛집 #함덕맛집추천 #제주함덕맛집 #함덕전복죽 #함덕어린이메뉴",2021-08-19,저 좋아요를 눌러보세,,"['#제주도', '#제주도핫플', '#제주맛집', '#제주도맛집', '#제주도현지인맛집', '#제주현지인맛집', '#제주현지인추천맛집', '#함덕', '#함덕맛집', '#함덕해수욕장근처맛집', '#함덕해변', '#함덕해수욕장맛집', '#함덕카페', '#함덕소노벨리조트', '#제주도여행', '#제주도민맛집', '#흑돼지', '#우도땅콩아이스크림', '#먹방', '#함덕맛집탐방', '#혼밥스타그램', '#안녕제주', '#함덕혼밥', '#함덕해수욕장', '#함덕현지인맛집', '#함덕맛집추천', '#제주함덕맛집', '#함덕전복죽', '#함덕어린이메뉴']"
"⠀┏━━━━━༻❁༺━━━━━┓⠀⠀⠀⠀⠀𝓔𝓢𝓟𝓔𝓡𝓛𝓜𝓐𝓛𝓛⠀⠀•프리미엄 고퀄리티 에스펄몰 •⠀⠀➵ ⁘ 다이렉트 댓글 안 받습니다⠀➵ ⁘ 검수사진 영상 송장 제공⠀➵ ⁘ 공휴일 주말제외 2 - 3 주⠀➵ ⁘ 현금 카드결제 무이자 가능⠀➵ ⁘ 2차례 꼼꼼한 검수 후 출고⠀┗━━━━━༻❁༺━━━━━┛⠀⠀문의 전 채널 공지글 꼭 필독 해주세요⠀✔ 더 많은 상품 또는 문의방법인스타그램 프로필 하단 링크 클릭⠀항시 이벤트 진행 중 채널 공지 확인필수⠀⠀⠀⊶⊷⊶⊷⊶⊷⋆⊶⊷⊶⊷⊶⠀피드에 없는 제품 문의도 받습니다문의시 원하시는 제품 사진첨부필수 부탁 드려요 ◡̈ ♥️ 모든 사이즈 색상 보유 합니다⠀⠀< 상품문의 순차적 상담진행 >⠀⠀문의 매너 꼭 지켜주세요⠀에스펄몰 카톡 𝘦𝘴𝘱𝘦𝘳𝘭𝘮𝘢𝘭𝘭⠀✔ 유사로고 주의⠀에스펄몰과 색상 , 샵 이름만 다른흡사한 로고 타 샵들 저희 에스펄몰과무관합니다 착오 없으시길 바랍니다 🙏 ⠀1대1 오더 제품이기에 단순변심교환 환불 불가 입니다싸고 질좋은 상품 절대 없어요 ◡̈싼 것 만 찾다가 낭패보신 손님들 많아용⠀퀄리티로 유명한 고퀄맛집 에스펄몰프로필 링크 꾸욱 누르고 톡 주세욥 ♥️⠀⠀",2021-08-19,1,,[]
"너무나 단조롭고 깔끔하고 단백한 느낌이 들었던 카페 밀크티 너무 맛있고 정말 차분하게 바다를 바라볼수 있던 카페 , 그날 갑자기 소나기가 많이 와서 더욱 운치있게 느껴졌던 카페진정성 #진성성카페 #분위기좋은카페 #제주도카페 #제주도맛집",2021-08-19,저 좋아요를 눌러보세,,"['#진성성카페', '#분위기좋은카페', '#제주도카페', '#제주도맛집']"
"☀제주의 멋과 맛을 모두 즐기시고 싶다면➩✨제주여행의 후회없는 선택➀제주공항 근처 바닷가 바로 앞 풍경맛집➁해녀가 직접 채집하는제주보말, 제주돼지, 제주비트를 재료로 하는 건강맛집 [한라진칼국수]입니다.✅OPEN 9:00✅CLOSE 16:00✅매주 월요일 정기휴무✈제주시 테우해안로32☏TEL 064.711.8525#한라진칼국수 #제주맛집 #제주맛집추천 #제주도맛집 #제주도맛집추천 #제주공항맛집 #제주공항근처맛집 #보말칼국수 #보말칼국수맛집 #제주보말칼국수 #제주보말칼국수맛집 #돔베고기 #제주가족여행 #제주데이트 #제주점심 #제주도민맛집 #이호테우해변맛집 #애월맛집 #애월해안도로맛집 #제주오션뷰맛집 #함덕맛집 #성산일출봉맛집 #협재맛집 #곽지맛집 #한담맛집 #한림맛집 #제주도여행 #제주여행 #제주핫플 #제주아침식사",2021-08-19,1,,"['#한라진칼국수', '#제주맛집', '#제주맛집추천', '#제주도맛집', '#제주도맛집추천', '#제주공항맛집', '#제주공항근처맛집', '#보말칼국수', '#보말칼국수맛집', '#제주보말칼국수', '#제주보말칼국수맛집', '#돔베고기', '#제주가족여행', '#제주데이트', '#제주점심', '#제주도민맛집', '#이호테우해변맛집', '#애월맛집', '#애월해안도로맛집', '#제주오션뷰맛집', '#함덕맛집', '#성산일출봉맛집', '#협재맛집', '#곽지맛집', '#한담맛집', '#한림맛집', '#제주도여행', '#제주여행', '#제주핫플', '#제주아침식사']"
아쟈뵹 👊🏻,2021-08-19,34,,[]
_빼꼼👀,2021-08-19,77,,[]
치즈돈까스 해장 아점. 비가 오다가 말다가... 그래~ 니맘대로햇!,2021-08-19,4,,[]
"<짐캐리 퀴즈 타임!>김포공항에서 출발해 제주도 숙소에서바로 찾을 수 있는국내 최초 수하물 운송 서비스 이름은?😎""0000""🎁퀴즈 맞히고 선물 받아가세요🎁✔️이벤트 경품🎉스타벅스 아메리카노 기프티콘(15명)🎉✔️이벤트 참여방법1.@zim_carry 팔로우 하기!2. 해당 게시물 좋아요 누르고  댓글로 정답 남기기!✔️당첨 확률 높이는 꿀팁-🍯친구들한테 널리널리 댓글로 @태그!다른 게시글에도 좋아요 꾹~누르기!✔️이벤트기간 21.08.19~21.08.25✔️당첨자발표 21.08.26 개별 DM🔺유의사항🔺비공개 계정/가계정인 경우 이벤트 당첨 대상자에서 제외됩니다.상품 발송 전, 계정 팔로우를 취소하거나 댓글 삭제 시 당첨이 취소될 수 있습니다...김포공항에서 짐을 바로 제주숙소/골프장로 옮기고 싶다면?수하물 나오는 시간 세이브! 🙆숙소에 짐 두는 시간 세이브! 🙆🏻불필요한 시간 아껴서 더 많이 놀자!💯💯",2021-08-19,14,,[]
주렁주렁 꽃천지🌺,2021-08-19,40,,[]
☔️,2021-05-17,101,,[]
"- 제주도의 핫한 함덕해변독채형 가족펜션인 게으르게펜션 입니다..바쁜 일상에서 잠시 게으름으로 힐링해 보세요. ^^.함덕에는 맛집도 많고 가까운곳에 서우봉, 에코랜드등 많은 명소가 있습니다....#제주도펜션 #제주펜션 #함덕펜션 #함덕해수욕장펜션 #게으르게펜션 #함덕해변펜션 #조천펜션 #서우봉 #에코랜드 #함덕숙박 #조천숙박 #제주도숙박 #함덕독채펜션 #제주도독채펜션 #제주공항펜션 #함덕해변 #함덕해수욕장 #함덕맛집 #선팔하면맞팔가요 #맞팔해요 #제주도맛집",2021-08-19,1,,"['#제주도펜션', '#제주펜션', '#함덕펜션', '#함덕해수욕장펜션', '#게으르게펜션', '#함덕해변펜션', '#조천펜션', '#서우봉', '#에코랜드', '#함덕숙박', '#조천숙박', '#제주도숙박', '#함덕독채펜션', '#제주도독채펜션', '#제주공항펜션', '#함덕해변', '#함덕해수욕장', '#함덕맛집', '#선팔하면맞팔가요', '#맞팔해요', '#제주도맛집']"
애월 로드129성게크림파스타흑돼지 멘치카츠흑돼지 치즈돈까스흑돼지 고구마치즈돈까스흑돼지 수제돈까스해물야끼소바재료소진시 조기마감전메뉴 포장가능#애월맛집#제주맛집#애월읍맛집#애월항맛집#제주애월점심#애월맛집추천#제주애월맛집#애월점심추천#애월밥집#제주현지인맛집#제주도민추천맛집#제주도현지인맛집#도민맛집#제주혼밥#제주시맛집#제주도맛집#금능맛집#한림맛집#협재맛집#협재해수욕장맛집#곽지해수욕장맛집#더럭분교맛집#애월해안도로#제주서쪽맛집#애월데이트코스#새별오름#애월카페#제주데이트코스,2021-08-19,저 좋아요를 눌러보세,,"['#애월맛집', '#제주맛집', '#애월읍맛집', '#애월항맛집', '#제주애월점심', '#애월맛집추천', '#제주애월맛집', '#애월점심추천', '#애월밥집', '#제주현지인맛집', '#제주도민추천맛집', '#제주도현지인맛집', '#도민맛집', '#제주혼밥', '#제주시맛집', '#제주도맛집', '#금능맛집', '#한림맛집', '#협재맛집', '#협재해수욕장맛집', '#곽지해수욕장맛집', '#더럭분교맛집', '#애월해안도로', '#제주서쪽맛집', '#애월데이트코스', '#새별오름', '#애월카페', '#제주데이트코스']"
🔹할로비치🔹🔹제주시 한경면 녹차분재로 354🔹 제주에서 먹는 망고는 또 다른맛 아니겠나어요? 카라바오망고 쥬스 마셔보면 다른 망고쥬스는 못 먹는다는 이야기 아시죠? ♡..#제주카페 #할로비치 #제주도카페 #제주맛집 #제주도맛집 #제주맛집추천 #제주도맛집추천 #할로비치 #애월맛집 #애월카페 #협재맛집 #협재카페 #제주가볼만한곳 #제주도여행 #제주도데이트코스 #제주도카페추천 #제주도핫플 #제주카페추천,2021-08-19,140,,"['#제주카페', '#할로비치', '#제주도카페', '#제주맛집', '#제주도맛집', '#제주맛집추천', '#제주도맛집추천', '#할로비치', '#애월맛집', '#애월카페', '#협재맛집', '#협재카페', '#제주가볼만한곳', '#제주도여행', '#제주도데이트코스', '#제주도카페추천', '#제주도핫플', '#제주카페추천']"
"함덕해수욕장에서 차타고 1-2분거리 한번에 다섯가지를 먹을 수 있는 곳후식으로 우도땅콩아이스림까지 !!메뉴 : 안녕제주한상, 한라산을 품다, 뿔소라전복비빔밥, 뿔소라국수, 전복죽, 어린이한상위치 : 함덕 18길19영업시간 : 오전10시~오후7시20분함덕 맛집 안녕제주 많은 방문 부탁드립니다~ㅎㅎ#제주도 #제주도핫플 #제주맛집 #제주도맛집 #제주도현지인맛집 #제주현지인맛집 #제주현지인추천맛집 #함덕 #함덕맛집 #함덕해수욕장근처맛집 #함덕해변 #함덕해수욕장맛집 #함덕카페 #함덕소노벨리조트 #제주도여행 #제주도민맛집 #흑돼지 #우도땅콩아이스크림 #먹방 #함덕맛집탐방 #혼밥스타그램 #안녕제주 #함덕혼밥 #함덕해수욕장 #함덕현지인맛집 #함덕맛집추천 #제주함덕맛집 #함덕전복죽 #함덕어린이메뉴",2021-08-19,1,,"['#제주도', '#제주도핫플', '#제주맛집', '#제주도맛집', '#제주도현지인맛집', '#제주현지인맛집', '#제주현지인추천맛집', '#함덕', '#함덕맛집', '#함덕해수욕장근처맛집', '#함덕해변', '#함덕해수욕장맛집', '#함덕카페', '#함덕소노벨리조트', '#제주도여행', '#제주도민맛집', '#흑돼지', '#우도땅콩아이스크림', '#먹방', '#함덕맛집탐방', '#혼밥스타그램', '#안녕제주', '#함덕혼밥', '#함덕해수욕장', '#함덕현지인맛집', '#함덕맛집추천', '#제주함덕맛집', '#함덕전복죽', '#함덕어린이메뉴']"
"말고기 맛집!영주말가든에서 먹어봤어요 :)고기 자체가 워낙 부드러워서,넘넘 맛있게 먹고 왔네여!힐링제대로였어요 :)#영주말가든#제주맛집#제주도맛집#제주공항근처맛집#제주공항맛집#제주도말고기맛집 #제주고기맛집 #제주공항근처고기집 #제주도말고기맛집추천 #맞팔좋아요 #먹팔그램 #먹팔소통 #제주도맛집지도",2021-08-19,134,,"['#영주말가든', '#제주맛집', '#제주도맛집', '#제주공항근처맛집', '#제주공항맛집', '#제주도말고기맛집', '#제주고기맛집', '#제주공항근처고기집', '#제주도말고기맛집추천', '#맞팔좋아요', '#먹팔그램', '#먹팔소통', '#제주도맛집지도']"
세상 사람들 갈치 실한것 좀 보세요갈치 사진으로 제주여행 자랑하기 ㅋㅋㅋ제주도 갈치 너무 좋아><#만족한상회......#제주도맛집#서귀포맛집#제주도민맛집#중문맛집#제주가성비맛집#중문맛집만족한상회#서귀포갈치구이#제주도민맛집#서귀포갈치조림,2021-08-19,저 좋아요를 눌러보세,,"['#만족한상회......', '#제주도맛집', '#서귀포맛집', '#제주도민맛집', '#중문맛집', '#제주가성비맛집', '#중문맛집만족한상회', '#서귀포갈치구이', '#제주도민맛집', '#서귀포갈치조림']"
로드129흑돼지치즈돈까스 jmt #애월맛집 #제주도맛집 #금오름#봄날카페 #제주도오름#성이시돌목장#진지동굴#서귀포맛집#애월숙소#창꼼#안돌오름#애월읍맛집 #오설록티뮤지엄#노리매공원#동문시장#제주핫플레이스 #카멜리아힐#981파크 #금악오름#사계해변#협재식물원#산방산#놀맨#애월해안도로,2021-08-19,저 좋아요를 눌러보세,,"['#애월맛집', '#제주도맛집', '#금오름', '#봄날카페', '#제주도오름', '#성이시돌목장', '#진지동굴', '#서귀포맛집', '#애월숙소', '#창꼼', '#안돌오름', '#애월읍맛집', '#오설록티뮤지엄', '#노리매공원', '#동문시장', '#제주핫플레이스', '#카멜리아힐', '#981파크', '#금악오름', '#사계해변', '#협재식물원', '#산방산', '#놀맨', '#애월해안도로']"
제주 인생밥집⠀⠀⠀⠀⠀⠀⠀⠀⠀⠀⠀⠀⠀⠀⠀⠀⠀🕚 OPEN - 11:00⠀⠀⠀⠀⠀⠀⠀⠀⠀⠀⠀⠀🕕 CLOSED - 17:00⠀⠀⠀⠀⠀⠀⠀⠀⠀⠀⠀⠀⠀⠀⠀⠀⠀브레이크타임 없어요.⠀⠀⠀⠀⠀⠀⠀⠀⠀⠀⠀⠀⠀⠀⠀⠀⠀예약은 받지 않고 오시는 순서대로 식사가능 하세요.⠀⠀⠀⠀⠀⠀⠀⠀⠀⠀⠀⠀⠀⠀⠀⠀⠀싱싱한 해물과 신선한 야채로 그날 준비한 재료가 소진되면 조기마감 합니다. ⠀⠀⠀⠀⠀⠀⠀⠀⠀⠀⠀⠀⠀⠀⠀⠀⠀⠀⠀⠀⠀⠀⠀⠀⠀⠀⠀⠀⠀⠀⠀⠀⠀⠀🥣전복해물볶음밥 / 전복물회 / 전복딱새우장 정식⠀⠀⠀⠀⠀⠀⠀⠀⠀⠀⠀⠀⠀⠀⠀⠀⠀사는게니나노 ~ ♬인생밥집 010-6501-5073주소는 제주시 한림읍 문교길6 ..⠀⠀⠀⠀⠀⠀⠀⠀⠀⠀⠀⠀⠀⠀⠀⠀⠀🅿️ 무료 공영 주차장 위치!! .⠀⠀⠀⠀⠀⠀⠀⠀⠀⠀⠀⠀⠀⠀⠀⠀⠀🚗 제주시 한림읍 한림리 1197-4🚘 제주시 한림읍 한림리 1198-3🚙 제주시 한림읍 한림리 943-9.걸어서 2분이내 거리에요~♡♡#제주#제주도#jeju#제주살이#제주맛집#제주도맛집#한림맛집#애월맛집#서울맛집 #중문맛집#산방산맛집#월정리#신화월드맛집#제주신혼여행#협재해수욕장근처맛집#협재해변#금능해수욕장#좋아요#일상#일상스타그램#먹스타그램#맛스타그램 #전복장 #딱새우장#제주가족여행 #제주우정여행 #제주혼밥 #협재혼밥,2021-08-19,5,,"['#제주', '#제주도', '#jeju', '#제주살이', '#제주맛집', '#제주도맛집', '#한림맛집', '#애월맛집', '#서울맛집', '#중문맛집', '#산방산맛집', '#월정리', '#신화월드맛집', '#제주신혼여행', '#협재해수욕장근처맛집', '#협재해변', '#금능해수욕장', '#좋아요', '#일상', '#일상스타그램', '#먹스타그램', '#맛스타그램', '#전복장', '#딱새우장', '#제주가족여행', '#제주우정여행', '#제주혼밥', '#협재혼밥']"
#찬진은진찬진몬이랑 두번째 제주 💚,2021-08-19,33,,['#찬진은진찬진몬이랑']
-톡톡 터지는 옥수수 🌽알갱이와 부드러운 크림이 달콤한 옥수수 크림 빵 !  퍽퍽하지 않고 촉촉하고 부드러운 빵이예요😋자극적이지 않아 아이들 간식 어른들 간식으로도 좋은 빵이랍니다!우유랑 🥛함께 오늘 간식으로 드셔보세요😋,2021-08-19,12,,[]
애월 로드129성게크림파스타흑돼지 멘치카츠흑돼지 치즈돈까스흑돼지 고구마치즈돈까스흑돼지 수제돈까스해물야끼소바재료소진시 조기마감전메뉴 포장가능#애월맛집#제주맛집#애월읍맛집#애월항맛집#제주애월점심#애월맛집추천#제주애월맛집#애월점심추천#애월밥집#제주현지인맛집#제주도민추천맛집#제주도현지인맛집#도민맛집#제주혼밥#제주시맛집#제주도맛집#금능맛집#한림맛집#협재맛집#협재해수욕장맛집#곽지해수욕장맛집#더럭분교맛집#애월해안도로#제주서쪽맛집#애월데이트코스#새별오름#애월카페#제주데이트코스,2021-08-19,저 좋아요를 눌러보세,,"['#애월맛집', '#제주맛집', '#애월읍맛집', '#애월항맛집', '#제주애월점심', '#애월맛집추천', '#제주애월맛집', '#애월점심추천', '#애월밥집', '#제주현지인맛집', '#제주도민추천맛집', '#제주도현지인맛집', '#도민맛집', '#제주혼밥', '#제주시맛집', '#제주도맛집', '#금능맛집', '#한림맛집', '#협재맛집', '#협재해수욕장맛집', '#곽지해수욕장맛집', '#더럭분교맛집', '#애월해안도로', '#제주서쪽맛집', '#애월데이트코스', '#새별오름', '#애월카페', '#제주데이트코스']"
"반팔티,셔츠등과 레이어드하기 좋은 브이넥베스트☺️#일상 #데일리 #데일리룩 #오오티디 #아웃핏 #가을옷 #베스트 #조끼 #조끼니트 #울베스트 #조끼코디 #여행 #제주도여행 #제주도맛집 #제주도카페 #서울맛집 #대전맛집 #광주카페 #강원도맛집 #강원도펜션 #경주카페 #황리단길 #황리단길카페 #경주핫플 #캠핑 #캠핑룩 #여행룩 #여친룩 #여친선물추천",2021-08-19,14,,"['#일상', '#데일리', '#데일리룩', '#오오티디', '#아웃핏', '#가을옷', '#베스트', '#조끼', '#조끼니트', '#울베스트', '#조끼코디', '#여행', '#제주도여행', '#제주도맛집', '#제주도카페', '#서울맛집', '#대전맛집', '#광주카페', '#강원도맛집', '#강원도펜션', '#경주카페', '#황리단길', '#황리단길카페', '#경주핫플', '#캠핑', '#캠핑룩', '#여행룩', '#여친룩', '#여친선물추천']"
"#공룡마라탕꼬치오늘 제가 소개해드릴 맛집은 꼬치전문점입니다이 날 고향으로 가는 비행기를 놓쳐서 투덜투덜 대다가, 시원한 맥주나 마시고자 찾아가게된 맛집인데요저는 그 날따라 꼬치보단 꿔바로우가 땡겨서 꿔바로우를 시켜서 먹었어요그러고 생맥을 주문할려고 했으나, 없어서 칭따오 병으로 주문해서 마셨어요별 기대안하고 먹었는데 꿔바로우가 정말 맛있었어요달짝찌근하면서도 씹는 식감도 좋구 튀김도 바삭하며 고기맛도 너무 좋았어요간혹 다른곳에서 꿔바로우 시키면 다 별로 였는데, 여기는 정말 맛있었네요제가 먹어본 꿔바로우중 제일 맛있었던 맛집이였어요다음에 공항 근처 맛집 가고자 한다면 또 들리고 싶은 맛집이예요My evaluation.🙋🏻‍♂️Favor-9.7/10Vibe-8.7/10Service-8.7/10",2021-08-19,1,,['#공룡마라탕꼬치오늘']
.끓는다끓어 장난쟁이때매 봉쟈속도 부대찌개도...#하도댁#부대찌개#연예인맛집,2021-08-19,52,,"['#하도댁', '#부대찌개', '#연예인맛집']"
고등어 회와 딱새우의 조합한라산까지!#제주도맛집 #고등어회 #딱새우회,2021-08-19,저 좋아요를 눌러보세,,"['#제주도맛집', '#고등어회', '#딱새우회']"
애월 로드129성게크림파스타흑돼지 멘치카츠흑돼지 치즈돈까스흑돼지 고구마치즈돈까스흑돼지 수제돈까스해물야끼소바재료소진시 조기마감전메뉴 포장가능#애월맛집#제주맛집#애월읍맛집#애월항맛집#제주애월점심#애월맛집추천#제주애월맛집#애월점심추천#애월밥집#제주현지인맛집#제주도민추천맛집#제주도현지인맛집#도민맛집#제주혼밥#제주시맛집#제주도맛집#금능맛집#한림맛집#협재맛집#협재해수욕장맛집#곽지해수욕장맛집#더럭분교맛집#애월해안도로#제주서쪽맛집#애월데이트코스#새별오름#애월카페#제주데이트코스,2021-08-19,1,,"['#애월맛집', '#제주맛집', '#애월읍맛집', '#애월항맛집', '#제주애월점심', '#애월맛집추천', '#제주애월맛집', '#애월점심추천', '#애월밥집', '#제주현지인맛집', '#제주도민추천맛집', '#제주도현지인맛집', '#도민맛집', '#제주혼밥', '#제주시맛집', '#제주도맛집', '#금능맛집', '#한림맛집', '#협재맛집', '#협재해수욕장맛집', '#곽지해수욕장맛집', '#더럭분교맛집', '#애월해안도로', '#제주서쪽맛집', '#애월데이트코스', '#새별오름', '#애월카페', '#제주데이트코스']"
메콩스카이 반미바삭 아삭^~^♡♡꿀🍯맛..#제주도맛집#메콩스카이 #다이어트 #가뭄의단비같은 #맛난음식 #3개도먹을판#제주맘 #일상,2021-08-19,8,,"['#제주도맛집', '#메콩스카이', '#다이어트', '#가뭄의단비같은', '#맛난음식', '#3개도먹을판', '#제주맘', '#일상']"
제주도에서 먹는 둘쨋날 점심💖💖매운갈비찜이라 엄청 매울까봐 걱정했는데 맵지도 않아서 넘넘 맛있게 먹었당🥰,2021-08-19,35,,[]
.한라산도 식후경 👨‍🍳부드러운 항정살에 특제 소스가 잘 어울리고모든 찬들이 정갈해서 입맛에 너무 잘 맞았던훈남 쉐프가 운영하는 1일 30인분 한정 판매 식당#바굥식당인생 살면서 먹어 본 고기들 중 세 손가락 안에 들어가는돼지 목살 최강 맛집~~!! 직원분들도 친절하고 유쾌하셔서식사할 때 기분이 한 껏 좋았던 대정맛집#큰돈가로컬의 포스가 강력한 도민 맛집개인적으로는 예전이 더 맛있었던몸국 맛집#명문사거리식당겉바속초의 정석~~!! 하루에 세번 먹어도 질리지 않을 것 같은 꺼멍샌드위치독특한 컨셉의 도시락과 동남아 리조트 느낌이 물씬 풍겨 기분이 좋았던#카페EPL전 날 저녁 웨이팅이 너무 길어서 다음날 점심에다시 찾아가 웨이팅 1도 없이 먹었던 고등어 회비린 맛 1도 없이 싱싱한 맛을 온전히 느낄 수 있었던#자리돔횟집'돼지갈비는 양념이지'라는 고정관념을 싹 사라지게 만든 돼지생갈비 맛집1인분에 18000원이인데 400g이라는 게 함정성인4명과 유아1명이 가서 3인분 먹고제왕절개 하고 나올 뻔.. 냉면의 양도 맛도 어마어마 했던 도민 맛집#제남가든크로플이 딱 초딩 입맛인 나에게 맞춤 제작 된 듯맛 이어서 넘나 좋았고  어마어마하게 큰 정원이 있어커피한잔 하며 산책하기도 딱 알맞춤이였던 카페동쪽 성산쪽에 위치하고 있어서빛의 벙커 구경 갔다가 들리기에 좋은 코스#이스틀리이 피드는 업체들에게 일정의 비용을 제공 받고쓰는 것 같은 느낌으로 쓰는 지극히 개인적인 피 같은 내 돈 100% 사용해서 솔직 담백하게 쓴 내돈내먹 피드입니다#제주도 #제주 #제주도맛집 #제주맛집 #제주카페 #내돈내산,2021-08-19,24,,"['#바굥식당인생', '#큰돈가로컬의', '#명문사거리식당겉바속초의', '#카페EPL전', ""#자리돔횟집'돼지갈비는"", '#제남가든크로플이', '#이스틀리이', '#제주도', '#제주', '#제주도맛집', '#제주맛집', '#제주카페', '#내돈내산']"
.제주 핫플레이스 콧수염 카페 😊월정 바다가 한눈에 들어오는 야외 테라스바다 뷰와 편안한 빈백 소파옥상 빈백 정원여심 저격 피크닉까지 준비되어 있어요 ☕️🧺🐕제주시 구좌읍 해맞이해안로 406 카페콧수염070-4131-8880매일 모든 메뉴 sold-out 되므로 선착순 판매합니다.방문해주신 모든 분들께 감사드립니다#월정 #서귀포카페 #성산카페 #제주시카페 #제주마카롱맛집 #제주애견동반카페 #제주도 #공항근처맛집 #함덕해수욕장 #제주피크닉 #월정리카페 #월정리해수욕장 #제주카페추천 #제주도마카롱 #구좌읍맛집 #월정리맛집 #월정리카페콧수염 #제주월정리카페 #제주도맛집 #제주맛집 #구좌읍카페 #월정리콧수염 #월정리 #서귀포맛집 #제주카페 #제주월정리 #제주해안도로 #제주도카페 #월정리해변 #제주,2021-08-19,저 좋아요를 눌러보세,,"['#월정', '#서귀포카페', '#성산카페', '#제주시카페', '#제주마카롱맛집', '#제주애견동반카페', '#제주도', '#공항근처맛집', '#함덕해수욕장', '#제주피크닉', '#월정리카페', '#월정리해수욕장', '#제주카페추천', '#제주도마카롱', '#구좌읍맛집', '#월정리맛집', '#월정리카페콧수염', '#제주월정리카페', '#제주도맛집', '#제주맛집', '#구좌읍카페', '#월정리콧수염', '#월정리', '#서귀포맛집', '#제주카페', '#제주월정리', '#제주해안도로', '#제주도카페', '#월정리해변', '#제주']"
"#독고집오늘 제가 소개해드릴 맛집은 흑돼지 전문점입니다같이 있던 지인이 흑돼지가 먹고 싶다고 해서 가게 된 맛집인데요가게 분위기는 포장마차 느낌이였고, 직원분이 직접 고기를 친절하게 구워주셨어요고기는 역시, 부드럽고 담백함과 더불어 적당한 식감에 맛있었구요제주도 흑돼지 가게는 전부 다 맛있는것 같아요또 기본으로 제공되는 고사리도 신기하게도 고기맛이 나면서맛있었네요필요시 또 리필이 가능이라 좋았어요다음에 더 좋은 사람이랑 흑돼지 먹으러 오고 싶은 맛집이네요My evaluation.🙋🏻‍♂️Favor-9.0/10Vibe-7.8/10Service-9.0/10",2021-08-19,3,,['#독고집오늘']
애월 로드129성게크림파스타흑돼지 멘치카츠흑돼지 치즈돈까스흑돼지 고구마치즈돈까스흑돼지 수제돈까스해물야끼소바재료소진시 조기마감전메뉴 포장가능#애월맛집#제주맛집#애월읍맛집#애월항맛집#제주애월점심#애월맛집추천#제주애월맛집#애월점심추천#애월밥집#제주현지인맛집#제주도민추천맛집#제주도현지인맛집#도민맛집#제주혼밥#제주시맛집#제주도맛집#금능맛집#한림맛집#협재맛집#협재해수욕장맛집#곽지해수욕장맛집#더럭분교맛집#애월해안도로#제주서쪽맛집#애월데이트코스#새별오름#애월카페#제주데이트코스,2021-08-19,저 좋아요를 눌러보세,,"['#애월맛집', '#제주맛집', '#애월읍맛집', '#애월항맛집', '#제주애월점심', '#애월맛집추천', '#제주애월맛집', '#애월점심추천', '#애월밥집', '#제주현지인맛집', '#제주도민추천맛집', '#제주도현지인맛집', '#도민맛집', '#제주혼밥', '#제주시맛집', '#제주도맛집', '#금능맛집', '#한림맛집', '#협재맛집', '#협재해수욕장맛집', '#곽지해수욕장맛집', '#더럭분교맛집', '#애월해안도로', '#제주서쪽맛집', '#애월데이트코스', '#새별오름', '#애월카페', '#제주데이트코스']"
애월 로드129성게크림파스타흑돼지 멘치카츠흑돼지 치즈돈까스흑돼지 고구마치즈돈까스흑돼지 수제돈까스해물야끼소바재료소진시 조기마감전메뉴 포장가능#애월맛집#제주맛집#애월읍맛집#애월항맛집#제주애월점심#애월맛집추천#제주애월맛집#애월점심추천#애월밥집#제주현지인맛집#제주도민추천맛집#제주도현지인맛집#도민맛집#제주혼밥#제주시맛집#제주도맛집#금능맛집#한림맛집#협재맛집#협재해수욕장맛집#곽지해수욕장맛집#더럭분교맛집#애월해안도로#제주서쪽맛집#애월데이트코스#새별오름#애월카페#제주데이트코스,2021-08-19,저 좋아요를 눌러보세,,"['#애월맛집', '#제주맛집', '#애월읍맛집', '#애월항맛집', '#제주애월점심', '#애월맛집추천', '#제주애월맛집', '#애월점심추천', '#애월밥집', '#제주현지인맛집', '#제주도민추천맛집', '#제주도현지인맛집', '#도민맛집', '#제주혼밥', '#제주시맛집', '#제주도맛집', '#금능맛집', '#한림맛집', '#협재맛집', '#협재해수욕장맛집', '#곽지해수욕장맛집', '#더럭분교맛집', '#애월해안도로', '#제주서쪽맛집', '#애월데이트코스', '#새별오름', '#애월카페', '#제주데이트코스']"
아줄레쥬. 제주에서 가본 카페 중에 가장 마음에 들었던 . 분위기 . 인테리어. 한적한 위치. 음료와 에그타르트. 모두 맘에 쏙 들었다. 파이 식감이 아주 부드럽고 바삭했고.살구청아이스티는 달지 않아 무척 좋았다 . 건강한 맛이었다 .코로나가 끝나면 🇵🇹 에 다시 가야 할 이유가 생겼다 . .#아줄레주 #제주여행 #제주카페핫플 #제주여름여행 #제주도맛집 #제주에그타르트맛집 #포르투갈에그타르트#인테리어스타그램 #의자도예뻐,2021-08-19,4,,"['#아줄레주', '#제주여행', '#제주카페핫플', '#제주여름여행', '#제주도맛집', '#제주에그타르트맛집', '#포르투갈에그타르트', '#인테리어스타그램', '#의자도예뻐']"
"제주도 기록 #1 ⭐️⭐️⭐️⭐️⭐️아메리카노 원두 맛집을 찾았다,,한잔 마시고 너무 맛있어서 선물용이랑내꺼까지 사온 핸드드립 맛집,,🤎고소함 묵직함 부드러운맛사장님이 정성들여 달인의맛공항 가기 전 밥 먹구 조용하게커피한잔 하기 너무 좋았당🤎..#커피맛집 #제주도맛집 #제주도 #제주공항 #더치커피 #택배도 #되나요? #아메리카노 #커피공유 #카페 #제주도카페 #핸드드립 #더치커피 #드립커피 #맛집 #커피향 #별다섯개",2021-08-19,5,,"['#1', '#커피맛집', '#제주도맛집', '#제주도', '#제주공항', '#더치커피', '#택배도', '#되나요?', '#아메리카노', '#커피공유', '#카페', '#제주도카페', '#핸드드립', '#더치커피', '#드립커피', '#맛집', '#커피향', '#별다섯개']"
"제주도 여행 중 펜션 사장님이 #섬횟집 추천해주셔서 방문 ~~역시 현지인 맛집 다움,, 대박 감덩......#제주도맛집#제주연동맛집#제주제원맛집#제주시맛집#제주공항근처맛집#도두섬횟집#신제주맛집#제주시횟집#구제주맛집#제주공항맛집",2021-08-19,1,,"['#섬횟집', '#제주도맛집', '#제주연동맛집', '#제주제원맛집', '#제주시맛집', '#제주공항근처맛집', '#도두섬횟집', '#신제주맛집', '#제주시횟집', '#구제주맛집', '#제주공항맛집']"
애월 로드129성게크림파스타흑돼지 멘치카츠흑돼지 치즈돈까스흑돼지 고구마치즈돈까스흑돼지 수제돈까스해물야끼소바재료소진시 조기마감전메뉴 포장가능#애월맛집#제주맛집#애월읍맛집#애월항맛집#제주애월점심#애월맛집추천#제주애월맛집#애월점심추천#애월밥집#제주현지인맛집#제주도민추천맛집#제주도현지인맛집#도민맛집#제주혼밥#제주시맛집#제주도맛집#금능맛집#한림맛집#협재맛집#협재해수욕장맛집#곽지해수욕장맛집#더럭분교맛집#애월해안도로#제주서쪽맛집#애월데이트코스#새별오름#애월카페,2021-08-19,저 좋아요를 눌러보세,,"['#애월맛집', '#제주맛집', '#애월읍맛집', '#애월항맛집', '#제주애월점심', '#애월맛집추천', '#제주애월맛집', '#애월점심추천', '#애월밥집', '#제주현지인맛집', '#제주도민추천맛집', '#제주도현지인맛집', '#도민맛집', '#제주혼밥', '#제주시맛집', '#제주도맛집', '#금능맛집', '#한림맛집', '#협재맛집', '#협재해수욕장맛집', '#곽지해수욕장맛집', '#더럭분교맛집', '#애월해안도로', '#제주서쪽맛집', '#애월데이트코스', '#새별오름', '#애월카페']"
제주도 음식 완전 내 스타일...#제주도 #제주도맛집 #제주도여행,2021-08-19,21,,"['#제주도', '#제주도맛집', '#제주도여행']"
제주도에서만 즐길수있는 수제버거 관자스테이크버거 고단백 저칼로리 제주 버거요 미친선셋은 덤입니다,2021-08-19,0,,[]
테이블마다 투명가림막이 되어 있어서요즘 같은 시국에 안심하고 먹을 수 있는 위생관리 잘 되어있어요게다가 갈치조림도 나름 만족스럽고 또 가고 싶네요#중문갈치조림 #색달식당중문본점-----#중문관광단지맛집#서귀포맛집#제주중문맛집#제주도맛집#중문맛집색달식당#제주갈치조림#제주맛집#제주도중문맛집#제주갈치구이,2021-08-19,저 좋아요를 눌러보세,,"['#중문갈치조림', '#색달식당중문본점-----', '#중문관광단지맛집', '#서귀포맛집', '#제주중문맛집', '#제주도맛집', '#중문맛집색달식당', '#제주갈치조림', '#제주맛집', '#제주도중문맛집', '#제주갈치구이']"
"☀제주의 멋과 맛을 모두 즐기시고 싶다면➩✨제주여행의 후회없는 선택➀제주공항 근처 바닷가 바로 앞 풍경맛집➁해녀가 직접 채집하는제주보말, 제주돼지, 제주비트를 재료로 하는 건강맛집 [한라진칼국수]입니다.✅OPEN 9:00✅CLOSE 16:00✅매주 월요일 정기휴무✈제주시 테우해안로32☏TEL 064.711.8525#한라진칼국수 #제주맛집 #제주맛집추천 #제주도맛집 #제주도맛집추천 #제주공항맛집 #제주공항근처맛집 #보말칼국수 #보말칼국수맛집 #제주보말칼국수 #제주보말칼국수맛집 #돔베고기 #제주가족여행 #제주데이트 #제주점심 #제주도민맛집 #이호테우해변맛집 #애월맛집 #애월해안도로맛집 #제주오션뷰맛집 #함덕맛집 #성산일출봉맛집 #협재맛집 #곽지맛집 #한담맛집 #한림맛집 #제주도여행 #제주여행 #제주핫플 #제주아침식사",2021-08-19,1,,"['#한라진칼국수', '#제주맛집', '#제주맛집추천', '#제주도맛집', '#제주도맛집추천', '#제주공항맛집', '#제주공항근처맛집', '#보말칼국수', '#보말칼국수맛집', '#제주보말칼국수', '#제주보말칼국수맛집', '#돔베고기', '#제주가족여행', '#제주데이트', '#제주점심', '#제주도민맛집', '#이호테우해변맛집', '#애월맛집', '#애월해안도로맛집', '#제주오션뷰맛집', '#함덕맛집', '#성산일출봉맛집', '#협재맛집', '#곽지맛집', '#한담맛집', '#한림맛집', '#제주도여행', '#제주여행', '#제주핫플', '#제주아침식사']"
#수원맛집 #운동 #런치타임 #냠스타그램 #맛집먹방 #사랑해 #동아대맛집 #새콤달콤 #과천맛집 #신사맛집 #제주도맛집 #신촌맛집 #맛집발견 #황리단길맛집 #애월맛집 #성산맛집 #성산일출봉,2021-08-19,0,,"['#수원맛집', '#운동', '#런치타임', '#냠스타그램', '#맛집먹방', '#사랑해', '#동아대맛집', '#새콤달콤', '#과천맛집', '#신사맛집', '#제주도맛집', '#신촌맛집', '#맛집발견', '#황리단길맛집', '#애월맛집', '#성산맛집', '#성산일출봉']"
아보카도커피🥑☕아보카도샌드위치🥑🥪,2021-08-19,3,,[]
🌻나만 보는 해바라기 같은 남자 구합니다🌻...#일상 #일상스타그램 #인스타그램 #여행 #제주도 #제주도여행 #제주도맛집 #제주도카페 #카페 #카페스타그램 #좋반 #사진 #해바라기 #selfie #instagram #instagood #instadaily #instafashion #likeforlikes #likesforlike #likeforfollow #followforfollowback #korea,2021-08-19,23,,"['#일상', '#일상스타그램', '#인스타그램', '#여행', '#제주도', '#제주도여행', '#제주도맛집', '#제주도카페', '#카페', '#카페스타그램', '#좋반', '#사진', '#해바라기', '#selfie', '#instagram', '#instagood', '#instadaily', '#instafashion', '#likeforlikes', '#likesforlike', '#likeforfollow', '#followforfollowback', '#korea']"
이제 슬슬 선선해지고 있다❤️,2021-08-19,203,,[]
오모나...#헬스 #국내여행 #내사랑 #제주도카페 #다렉 #새벽 #일산 #가족 #카페맛집 #고양이 #제주도맛집 #점심 #코디 #강남맛집 #멍스타그램 #스타일 #여행에미치다 #일상공유 #휴가 #소소한일상 #데일리룩 #홍대맛집 #드라이브코스 #광안리 #핵잼 #사랑꾼 #덩크 #불금 #결혼 #출근,2021-08-19,3,,"['#헬스', '#국내여행', '#내사랑', '#제주도카페', '#다렉', '#새벽', '#일산', '#가족', '#카페맛집', '#고양이', '#제주도맛집', '#점심', '#코디', '#강남맛집', '#멍스타그램', '#스타일', '#여행에미치다', '#일상공유', '#휴가', '#소소한일상', '#데일리룩', '#홍대맛집', '#드라이브코스', '#광안리', '#핵잼', '#사랑꾼', '#덩크', '#불금', '#결혼', '#출근']"
제주 인생밥집⠀⠀⠀⠀⠀⠀⠀⠀⠀⠀⠀⠀⠀⠀⠀⠀⠀🕚 OPEN - 11:00⠀⠀⠀⠀⠀⠀⠀⠀⠀⠀⠀⠀🕕 CLOSED - 17:00⠀⠀⠀⠀⠀⠀⠀⠀⠀⠀⠀⠀⠀⠀⠀⠀⠀브레이크타임 없어요.⠀⠀⠀⠀⠀⠀⠀⠀⠀⠀⠀⠀⠀⠀⠀⠀⠀예약은 받지 않고 오시는 순서대로 식사가능 하세요.⠀⠀⠀⠀⠀⠀⠀⠀⠀⠀⠀⠀⠀⠀⠀⠀⠀싱싱한 해물과 신선한 야채로 그날 준비한 재료가 소진되면 조기마감 합니다. ⠀⠀⠀⠀⠀⠀⠀⠀⠀⠀⠀⠀⠀⠀⠀⠀⠀⠀⠀⠀⠀⠀⠀⠀⠀⠀⠀⠀⠀⠀⠀⠀⠀⠀🥣전복해물볶음밥 / 전복물회 / 전복딱새우장 정식⠀⠀⠀⠀⠀⠀⠀⠀⠀⠀⠀⠀⠀⠀⠀⠀⠀사는게니나노 ~ ♬인생밥집 010-6501-5073주소는 제주시 한림읍 문교길6 ..⠀⠀⠀⠀⠀⠀⠀⠀⠀⠀⠀⠀⠀⠀⠀⠀⠀🅿️ 무료 공영 주차장 위치!! .⠀⠀⠀⠀⠀⠀⠀⠀⠀⠀⠀⠀⠀⠀⠀⠀⠀🚗 제주시 한림읍 한림리 1197-4🚘 제주시 한림읍 한림리 1198-3🚙 제주시 한림읍 한림리 943-9.걸어서 2분이내 거리에요~♡♡#제주#제주도#jeju#제주살이#제주맛집#제주도맛집#한림맛집#애월맛집#대구맛집 #중문맛집#산방산맛집#월정리#신화월드맛집#제주신혼여행#협재해수욕장근처맛집#협재해변#금능해수욕장#좋아요#일상#일상스타그램#먹스타그램#맛스타그램 #전복장 #딱새우장#제주가족여행 #제주우정여행 #제주혼밥 #협재혼밥,2021-08-19,6,,"['#제주', '#제주도', '#jeju', '#제주살이', '#제주맛집', '#제주도맛집', '#한림맛집', '#애월맛집', '#대구맛집', '#중문맛집', '#산방산맛집', '#월정리', '#신화월드맛집', '#제주신혼여행', '#협재해수욕장근처맛집', '#협재해변', '#금능해수욕장', '#좋아요', '#일상', '#일상스타그램', '#먹스타그램', '#맛스타그램', '#전복장', '#딱새우장', '#제주가족여행', '#제주우정여행', '#제주혼밥', '#협재혼밥']"
애월 로드129성게크림파스타흑돼지 멘치카츠흑돼지 치즈돈까스흑돼지 고구마치즈돈까스흑돼지 수제돈까스해물야끼소바재료소진시 조기마감전메뉴 포장가능#애월맛집#제주맛집#애월읍맛집#애월항맛집#제주애월점심#애월맛집추천#제주애월맛집#애월점심추천#애월밥집#제주현지인맛집#제주도민추천맛집#제주도현지인맛집#도민맛집#제주혼밥#제주시맛집#제주도맛집#금능맛집#한림맛집#협재맛집#협재해수욕장맛집#곽지해수욕장맛집#더럭분교맛집#애월해안도로#제주서쪽맛집#애월데이트코스#새별오름#애월카페#제주데이트코스,2021-08-19,1,,"['#애월맛집', '#제주맛집', '#애월읍맛집', '#애월항맛집', '#제주애월점심', '#애월맛집추천', '#제주애월맛집', '#애월점심추천', '#애월밥집', '#제주현지인맛집', '#제주도민추천맛집', '#제주도현지인맛집', '#도민맛집', '#제주혼밥', '#제주시맛집', '#제주도맛집', '#금능맛집', '#한림맛집', '#협재맛집', '#협재해수욕장맛집', '#곽지해수욕장맛집', '#더럭분교맛집', '#애월해안도로', '#제주서쪽맛집', '#애월데이트코스', '#새별오름', '#애월카페', '#제주데이트코스']"
사진도찍다말다그냥 처먹처먹 하다가 휴가끝 👋#찬진은진 #진바니먹방,2021-08-19,42,,"['#찬진은진', '#진바니먹방']"
.빨주노초파보 🌈쫀득쫀득 꼬끄에 맛있는 필링🤤✨월정 바다와 함께일 때 더 빛이 나는 무지개 수카롱 ❤️🧡💛💚💙💜제주시 구좌읍 해맞이해안로 406 카페콧수염070-4131-8880매일 모든 메뉴 sold-out 되므로 선착순 판매합니다.예쁜 사진 남겨주셔서 감사합니다 🌷#제주월정리 #세화카페 #제주월정리카페 #서귀포맛집 #제주애견동반 #제주도맛집 #성산일출봉맛집 #제주맛집 #서귀포카페 #제주도카페 #제주카페추천 #제주 #함덕카페 #구좌읍카페 #월정리콧수염 #제주카페투어 #성산카페 #월정리카페콧수염 #월정리맛집 #제주도기념품 #구좌읍맛집 #구좌읍 #월정리카페 #제주시카페 #제주도 #월정리 #제주피크닉 #제주카페 #제주애견동반카페 #제주도마카롱,2021-08-19,1,,"['#제주월정리', '#세화카페', '#제주월정리카페', '#서귀포맛집', '#제주애견동반', '#제주도맛집', '#성산일출봉맛집', '#제주맛집', '#서귀포카페', '#제주도카페', '#제주카페추천', '#제주', '#함덕카페', '#구좌읍카페', '#월정리콧수염', '#제주카페투어', '#성산카페', '#월정리카페콧수염', '#월정리맛집', '#제주도기념품', '#구좌읍맛집', '#구좌읍', '#월정리카페', '#제주시카페', '#제주도', '#월정리', '#제주피크닉', '#제주카페', '#제주애견동반카페', '#제주도마카롱']"
제주 금능 “율” 크로플바삭바삭한 크로플과 아이스아메리카노는 꿀조합💙꼬마손님들은 무조건 쪼꼬쪼꼬래요🍫부담없는 맛에 심플하고 귀여운 박스포장선물용으로 많이 나가고 있어요 🎁(미리 전화주문 해주시면 시간맞춰 포장해드려요)오후5시 이후에는 전화주문주세요 :)제주시 한림읍 금능 6길 11 (크로플 율),2021-08-19,0,,[]
제주도 올때마다 항상 들리는 곳 ! 타르트로 시작하깅 ~~~일일일타르해야징 ㅎㅎㅎ 행복해!!#제주도카페#제주도맛집 #제주핫플 #제주공항근처카페 #jeju#jejudo #제주타르트 #제주맛집 #제주카페#타르트맛집 #제주도여행 #제주공항카페 #섬타르#제주선물 #제주카페투어 #제주섬타르왔어요#제주도카페추천 #제주도타르트#제주도카페맛집#제주시카페#제주공항근처맛집#제주도여행#맞팔#좋아요테러#맞팔환영#소통해요#맞팔은댓#댓글놀이,2021-08-19,2,,"['#제주도카페', '#제주도맛집', '#제주핫플', '#제주공항근처카페', '#jeju', '#jejudo', '#제주타르트', '#제주맛집', '#제주카페', '#타르트맛집', '#제주도여행', '#제주공항카페', '#섬타르', '#제주선물', '#제주카페투어', '#제주섬타르왔어요', '#제주도카페추천', '#제주도타르트', '#제주도카페맛집', '#제주시카페', '#제주공항근처맛집', '#제주도여행', '#맞팔', '#좋아요테러', '#맞팔환영', '#소통해요', '#맞팔은댓', '#댓글놀이']"
"제주에 가신다면 무조건 동귀리갈칫집 다녀와보시길 추천드려요!!생생정보에 나온 맛집인데,갈치구이의 정석을 보여주는 이 곳!두툼한 갈치가 고소하고 입에서 살살 녹아요!튀김으로 나와서 가운데 뼈 빼고 다 먹어도 되서넘넘 편하구 좋아용ㅎㅎㅎ#동귀리갈칫집 #제주맛집#제주시맛집#제주도맛집#노형동맛집#제주공항근처맛집#먹팔#제주도갈치맛집 #먹방꿈나무 #맞팔고 #먹스타그램 #먹방bj #제주도데이트장소 #먹방데이트 #제주무한리필맛집",2021-08-19,204,,"['#동귀리갈칫집', '#제주맛집', '#제주시맛집', '#제주도맛집', '#노형동맛집', '#제주공항근처맛집', '#먹팔', '#제주도갈치맛집', '#먹방꿈나무', '#맞팔고', '#먹스타그램', '#먹방bj', '#제주도데이트장소', '#먹방데이트', '#제주무한리필맛집']"
🌴🌊,2021-08-19,18,,[]
"[🇰🇷 #이스방한상]예전에 이 근처를 지나가다 우연히 발견하고 꼭 가봐야지 하고 메모해뒀던 곳🙂전화로 미리 예약을 해야하고, 예약금도 있어요.✔ 작은상 ₩85,000작은상을 주문하면 ➜ 돌문어숙회, 참돔통튀김, 참돔유비끼, 참돔매운탕이 나옵니다🙂사실 시그니쳐(₩110,000)에 나오는 참돔회무침도 먹고싶었지만, 둘이서 시그니쳐는 무리니까😢 작은상으로 주문했어요. 참돔통튀김 등장부터 어마어마해요😳튀겨지는게 분했는지 왠지 빡쳐보이는 참돔씨. 참돔 살이 오동통하고 소스도 맛있어요❤️약간- 교촌치킨 먹을때 그 소스 비슷한데, 이렇게 참돔에 먹으니 넘넘 잘어울려요참돔은 빡쳤지만 저는 행복했어요😆참돔유비끼는 참돔을 살짝 데친 요리예요, 마스까와랑 다른건지, 아직도 헷갈리지만어찌됐든 쫀득한 식감이 넘 좋고 맛있다는거🥰❤️함께 주시는 잼이(샤리)와 함께 먹어도 넘 맛있어요!제주에서 참돔을 실컷 먹고싶다면 추천합니다🙋🏻‍♀️📍 제주도 제주시 용담이동 436📷 iPhone 11 Pro🏷 #munu맛집#munu제주#제주도#제주#제주도여행#제주맛집#제주도맛집#제주살이#제주여행#제주일상#제주가볼만한곳#제주핫플#제주시맛집#서귀포맛집#서귀포#서귀포핫플#맛집투어#맛집추천#맛집스타그램#오늘뭐먹지#먹스타그램#맛스타그램#먹팔#제주참돔#참돔맛집#참돔유비끼",2021-08-19,83,,"['#이스방한상]예전에', '#munu맛집', '#munu제주', '#제주도', '#제주', '#제주도여행', '#제주맛집', '#제주도맛집', '#제주살이', '#제주여행', '#제주일상', '#제주가볼만한곳', '#제주핫플', '#제주시맛집', '#서귀포맛집', '#서귀포', '#서귀포핫플', '#맛집투어', '#맛집추천', '#맛집스타그램', '#오늘뭐먹지', '#먹스타그램', '#맛스타그램', '#먹팔', '#제주참돔', '#참돔맛집', '#참돔유비끼']"
요즘 정신없이 오픈 준비와 동시에 시작을 하다보니 피드를 계속 못올렸네요~참 많은 분들이 찾아와 주시는데제가 사진한장을 같이 찍지 못해 너무 아쉬워요 ㅠㅠ 유일한 사진중 ㅎㅎ‘책읽어주는남자’전승환 작가님과 가족이 오셨네요~ 너무 귀여운 말광량이 애기천사 함께 했습니다~감사합니다~.🏖#퐁당카레🏖.⏰점심영업 AM 11:30~PM 3:00⏰저녁영업 PM  5:00~PM 8:00🍽마지막주문 PM 2:30/PM 7:30🙇🏾‍♂️재료소진시 조기마감🏖매주 일요일 정기휴무🏡제주시 중앙로1길33 📞Tel : 064-782-8780🚗주차는 산짓물 공영주차장을 이용해 주세요.🔺메뉴소개🔺퐁당카레 - 면력역 증가와 암예방 기억력 증가 치매 예방등 너무 좋은 카레에 제주 흑돼지와 코코넛 밀크가 들어간 태국식 카레이며 아주 크리미 하고 부드러워 순한맛은 이유식을 뗀 유아 부터 먹을수 있으며 한라봉 모양의 강황밥을 더해 건강식을 더 강조했으며 직접기른 애플민트로 데코레이션 했지만 드시진 마세요~^^ 써요 ㅎㅎ 함께 나오는 촉촉한 효모빵은 아보카도 오일과 발사믹 식초에도 어울리지만 카레에 찍어 먹어도 맛있어요~그리고 한국인의 반찬 저희 어머니표 깍두기와디저트로 유기농 제주 제철과일 또는 블루베리 요거트가 제공됩니다.🔸토핑소개🔸1.제주 흑돼지 돈까스 - 두터운 제주 흑돼지 등심 돈까스2.에그카츠 - 영국의 스카치에그 베이스로 제주 흑돼지와 제주 한우를 혼합하여 반숙란를 에워싸고 빵가루로 튀긴 튀김과 타르타르 소스를 찍어 드시면 더욱 맛있습니다3.멘보샤 - 다진 새우살과 식빵의 환상의 콜라보레이션 4.그외 왕새우튀김/프리미엄소세지/야체고로케,2021-08-19,24,,['#퐁당카레🏖.⏰점심영업']
또 가고싶다 🧊,2021-08-19,0,,[]
#제주도 #제주도여행 #휴가시작🌴 #제주도맛집 #도두해녀의집 #전복물회 #전복죽 #jmt #먹방스타그램 #먹스타그램 #맛집공유🙆🏻 #제주 #씬난다 #여행잼👍 #나홀로나무 #새별오름 #우유부단카페 #수제초당아스크림#초당옥수수아이스크림 #수제밀크쉐이크 #꼬숩네 #보양식 #여름휴가 #힐링스타그램💕 #럽스타그램❤️ #데이튜❤️💜💙💛 #배터짐주의🐷,2021-08-19,12,,"['#제주도', '#제주도여행', '#휴가시작🌴', '#제주도맛집', '#도두해녀의집', '#전복물회', '#전복죽', '#jmt', '#먹방스타그램', '#먹스타그램', '#맛집공유🙆🏻', '#제주', '#씬난다', '#여행잼👍', '#나홀로나무', '#새별오름', '#우유부단카페', '#수제초당아스크림', '#초당옥수수아이스크림', '#수제밀크쉐이크', '#꼬숩네', '#보양식', '#여름휴가', '#힐링스타그램💕', '#럽스타그램❤️', '#데이튜❤️💜💙💛', '#배터짐주의🐷']"
"⠀‘돌문어주먹밥’ 🐙주먹밥 위에 마요네즈 뿌려드려용🧡달달구리 간장베이스 소스에 문어를 찹찹 🔪매콤한 떡볶이랑도 잘 어울려용🥰⠀포장은 미리 연락 주시면 시간 맞춰준비해 놓을게요🌼⠀네이버에 ‘제주해더’ ‘해더’ 검색하시면더 많은 정보 확인 가능하셔요💛⠀🏡 제주시 구좌읍 한동로6길 8, 해더☎️ 네이버에 ‘제주해더’ 검색해주세요!⏱ 화-토 11:00-4:30, 일-월 휴무⠀⠀⠀⠀⠀#제주도 #제주도맛집 #세화맛집 #구좌읍맛집 #구좌읍 #떡볶이 #카츠산도 #당근주스 #평대맛집 #돌문어주먹밥 #돌문어 #주먹밥#하도맛집 #김녕맛집 #제주 #제주여행 #제주살이 #헤더 #행원맛집#제주한달살이 #한동리 #카페해더 #제주신상카페#제주해더 #제주동쪽가볼만한곳 #제주도예쁜카페 #제주도코스제주여행추천 #해더⠀⠀⠀",2021-08-19,6,,"['#제주도', '#제주도맛집', '#세화맛집', '#구좌읍맛집', '#구좌읍', '#떡볶이', '#카츠산도', '#당근주스', '#평대맛집', '#돌문어주먹밥', '#돌문어', '#주먹밥', '#하도맛집', '#김녕맛집', '#제주', '#제주여행', '#제주살이', '#헤더', '#행원맛집', '#제주한달살이', '#한동리', '#카페해더', '#제주신상카페', '#제주해더', '#제주동쪽가볼만한곳', '#제주도예쁜카페', '#제주도코스제주여행추천', '#해더⠀⠀⠀']"
아오  맛있다....#김녕맛집 #김녕해수욕장 #김녕햄바그집 #제주도여행 #제주도맛집 #휴가 #좋반,2021-08-19,15,,"['#김녕맛집', '#김녕해수욕장', '#김녕햄바그집', '#제주도여행', '#제주도맛집', '#휴가', '#좋반']"
애월 로드129성게크림파스타흑돼지 멘치카츠흑돼지 치즈돈까스흑돼지 고구마치즈돈까스흑돼지 수제돈까스해물야끼소바재료소진시 조기마감전메뉴 포장가능#애월맛집#제주맛집#애월읍맛집#애월항맛집#제주애월점심#애월맛집추천#제주애월맛집#애월점심추천#애월밥집#제주현지인맛집#제주도민추천맛집#제주도현지인맛집#도민맛집#제주혼밥#제주시맛집#제주도맛집#제주도민맛집#금능맛집#한림맛집#협재맛집#협재해수욕장맛집#곽지해수욕장맛집#더럭분교맛집#애월해안도로#제주서쪽맛집#애월데이트코스#새별오름#애월카페#제주데이트코스,2021-08-19,저 좋아요를 눌러보세,,"['#애월맛집', '#제주맛집', '#애월읍맛집', '#애월항맛집', '#제주애월점심', '#애월맛집추천', '#제주애월맛집', '#애월점심추천', '#애월밥집', '#제주현지인맛집', '#제주도민추천맛집', '#제주도현지인맛집', '#도민맛집', '#제주혼밥', '#제주시맛집', '#제주도맛집', '#제주도민맛집', '#금능맛집', '#한림맛집', '#협재맛집', '#협재해수욕장맛집', '#곽지해수욕장맛집', '#더럭분교맛집', '#애월해안도로', '#제주서쪽맛집', '#애월데이트코스', '#새별오름', '#애월카페', '#제주데이트코스']"
애월 로드129성게크림파스타흑돼지 멘치카츠흑돼지 치즈돈까스흑돼지 고구마치즈돈까스흑돼지 수제돈까스해물야끼소바재료소진시 조기마감전메뉴 포장가능#애월맛집#제주맛집#애월읍맛집#애월항맛집#제주애월점심#애월맛집추천#제주애월맛집#애월점심추천#애월밥집#제주현지인맛집#제주도민추천맛집#제주도현지인맛집#도민맛집#제주혼밥#제주시맛집#제주도맛집#금능맛집#한림맛집#협재맛집#협재해수욕장맛집#곽지해수욕장맛집#더럭분교맛집#애월해안도로#제주서쪽맛집#애월데이트코스#새별오름#애월카페,2021-08-19,저 좋아요를 눌러보세,,"['#애월맛집', '#제주맛집', '#애월읍맛집', '#애월항맛집', '#제주애월점심', '#애월맛집추천', '#제주애월맛집', '#애월점심추천', '#애월밥집', '#제주현지인맛집', '#제주도민추천맛집', '#제주도현지인맛집', '#도민맛집', '#제주혼밥', '#제주시맛집', '#제주도맛집', '#금능맛집', '#한림맛집', '#협재맛집', '#협재해수욕장맛집', '#곽지해수욕장맛집', '#더럭분교맛집', '#애월해안도로', '#제주서쪽맛집', '#애월데이트코스', '#새별오름', '#애월카페']"
#오늘제주 비는 내일부터 온다더니갑자기 주륵주륵 내리기 시작하는 비🌧이런날은 역시 배달이쥬?매장 전화주시면 전 메뉴 배달 가능!내일부턴 배민에서도 편리하게 국수나무를 만나보실 수 있어요🤗 #국수나무 #국수나무노형점 #제주맛집 #노형동맛집 #제주도맛집 #오늘뭐먹지 #노형동맛집추천 #제주국수맛집 #제주돈까스맛집 #제주 #제주살이 #제주가볼만한곳 #노형동가성비맛집 #제주가성비맛집 #제주도민맛집 #제주도민추천맛집 #제주국수나무 #국수나무노형점 #선팔 #맞팔,2021-08-19,0,,"['#오늘제주', '#국수나무', '#국수나무노형점', '#제주맛집', '#노형동맛집', '#제주도맛집', '#오늘뭐먹지', '#노형동맛집추천', '#제주국수맛집', '#제주돈까스맛집', '#제주', '#제주살이', '#제주가볼만한곳', '#노형동가성비맛집', '#제주가성비맛집', '#제주도민맛집', '#제주도민추천맛집', '#제주국수나무', '#국수나무노형점', '#선팔', '#맞팔']"
애월 로드129성게크림파스타흑돼지 멘치카츠흑돼지 치즈돈까스흑돼지 고구마치즈돈까스흑돼지 수제돈까스해물야끼소바재료소진시 조기마감전메뉴 포장가능#애월맛집#제주맛집#애월읍맛집#애월항맛집#제주애월점심#애월맛집추천#제주애월맛집#애월점심추천#애월밥집#제주현지인맛집#제주도민추천맛집#제주도현지인맛집#도민맛집#제주혼밥#제주시맛집#제주도맛집#금능맛집#한림맛집#협재맛집#협재해수욕장맛집#곽지해수욕장맛집#더럭분교맛집#애월해안도로#제주서쪽맛집#애월데이트코스#새별오름#애월카페#제주데이트코스,2021-08-19,저 좋아요를 눌러보세,,"['#애월맛집', '#제주맛집', '#애월읍맛집', '#애월항맛집', '#제주애월점심', '#애월맛집추천', '#제주애월맛집', '#애월점심추천', '#애월밥집', '#제주현지인맛집', '#제주도민추천맛집', '#제주도현지인맛집', '#도민맛집', '#제주혼밥', '#제주시맛집', '#제주도맛집', '#금능맛집', '#한림맛집', '#협재맛집', '#협재해수욕장맛집', '#곽지해수욕장맛집', '#더럭분교맛집', '#애월해안도로', '#제주서쪽맛집', '#애월데이트코스', '#새별오름', '#애월카페', '#제주데이트코스']"
비오는거 너무 좋아하는 1인🌧오늘도 오픈하였습니다! 매장엔 구움과자 냄새로 가득합니다! 😌〰️🤍- 에그타르트- 고메버터스콘- 초코칩스콘- 누텔라바나나스콘- 애플망고쇼트케이크- 청포도더블치즈타르트- 초코바나나케이크- 오리지널르뱅쿠키오랜만에 나오는 앙버터다쿠아즈까지!가득 준비해보았습니다! 비오는날은 카페지~~ 😚😚모든디저트 포장가능합니다 🧚🏻‍♂️ 주문및 케이크 문의는 DM이나 064.758.6399로 연락주세요 : ) 🤍#instaselfie #instagood #fashion #제주디저트맛집 #좋아요 #좋아요반사 #선팔 #맞팔 #인스타그램 #jejuisland #제주 #jeju #제주시청 #济州岛美食店 #제주도민 #제주시청맛집 #제주시청카페 #제주시카페 #리유니온 #리유니온제주 #리유니온재회 #제주도여행 #제주카페 #제주도맛집 #먹스타그램 #먹팔 #제주시카페,2021-08-19,34,,"['#instaselfie', '#instagood', '#fashion', '#제주디저트맛집', '#좋아요', '#좋아요반사', '#선팔', '#맞팔', '#인스타그램', '#jejuisland', '#제주', '#jeju', '#제주시청', '#济州岛美食店', '#제주도민', '#제주시청맛집', '#제주시청카페', '#제주시카페', '#리유니온', '#리유니온제주', '#리유니온재회', '#제주도여행', '#제주카페', '#제주도맛집', '#먹스타그램', '#먹팔', '#제주시카페']"
제주에서만 먹을수 있는 모당모당김밥이랑 라면도 넘 맛있네~#제주분식 #제주맛집...#제주동문시장#제주공항맛집#제주시청맛집#제주공항근처맛집#연동카페#제주도맛집#연동제주분식#제주도그램#노형동카페#제주도여행,2021-08-19,1,,"['#제주분식', '#제주맛집...', '#제주동문시장', '#제주공항맛집', '#제주시청맛집', '#제주공항근처맛집', '#연동카페', '#제주도맛집', '#연동제주분식', '#제주도그램', '#노형동카페', '#제주도여행']"
아직도 제주도 사진 한가득😄,2021-08-19,26,,[]
오묘하고 신비로운 인스밀🍨넘흐 내스타일🌾🍃🌴...#제주카페 #서귀포카페 #인스밀 #카페스타그램 #카페추천 #카페그램 #제주도카페 #제주도여행 #제주도맛집 #제주도가볼만한곳 #제주도핫플레이스 #제주도그램 #제주도날씨 #여행 #여행스타그램 #주말여행 #여행중 #여행그램 #제주도여행중 #제주도여행지추천 #셀카 #셀피 #셀스타그램 #셀카그램 #셀카스타그램 #셀카놀이 #ootd #ootdfashion #ootdstyle #일상,2021-08-19,22,,"['#제주카페', '#서귀포카페', '#인스밀', '#카페스타그램', '#카페추천', '#카페그램', '#제주도카페', '#제주도여행', '#제주도맛집', '#제주도가볼만한곳', '#제주도핫플레이스', '#제주도그램', '#제주도날씨', '#여행', '#여행스타그램', '#주말여행', '#여행중', '#여행그램', '#제주도여행중', '#제주도여행지추천', '#셀카', '#셀피', '#셀스타그램', '#셀카그램', '#셀카스타그램', '#셀카놀이', '#ootd', '#ootdfashion', '#ootdstyle', '#일상']"
#대평흑돼지 #대평연탄구이 아름다운  안덕대평입니다~#박수기정 #대평흑돼지 정상영업합니다~^^....#제주도흑돼지 #흑돼지 #흑돼지맛집 #산방산맛집#제주 #제주도 #제주여행 #제주도여행 #대평리 #중문 #중문맛집 #서귀포맛집 #제주술집 #제주도술집 #제주맛집 #제주도맛집 #대평흑돼지 #대평연탄구이 #제주카페 #제주가볼만한곳 #제주추천 #제주도민 #제주살이,2021-08-19,18,,"['#대평흑돼지', '#대평연탄구이', '#박수기정', '#대평흑돼지', '#제주도흑돼지', '#흑돼지', '#흑돼지맛집', '#산방산맛집', '#제주', '#제주도', '#제주여행', '#제주도여행', '#대평리', '#중문', '#중문맛집', '#서귀포맛집', '#제주술집', '#제주도술집', '#제주맛집', '#제주도맛집', '#대평흑돼지', '#대평연탄구이', '#제주카페', '#제주가볼만한곳', '#제주추천', '#제주도민', '#제주살이']"
애월 로드129성게크림파스타흑돼지 멘치카츠흑돼지 치즈돈까스흑돼지 고구마치즈돈까스흑돼지 수제돈까스해물야끼소바재료소진시 조기마감전메뉴 포장가능#애월맛집#제주맛집#애월읍맛집#애월항맛집#제주애월점심#애월맛집추천#제주애월맛집#애월점심추천#애월밥집#제주현지인맛집#제주도민추천맛집#제주도현지인맛집#도민맛집#제주혼밥#제주시맛집#제주도맛집#제주도민맛집#금능맛집#한림맛집#협재맛집#협재해수욕장맛집#곽지해수욕장맛집#더럭분교맛집#애월해안도로#제주서쪽맛집#애월데이트코스#새별오름#애월카페#제주데이트코스,2021-08-19,저 좋아요를 눌러보세,,"['#애월맛집', '#제주맛집', '#애월읍맛집', '#애월항맛집', '#제주애월점심', '#애월맛집추천', '#제주애월맛집', '#애월점심추천', '#애월밥집', '#제주현지인맛집', '#제주도민추천맛집', '#제주도현지인맛집', '#도민맛집', '#제주혼밥', '#제주시맛집', '#제주도맛집', '#제주도민맛집', '#금능맛집', '#한림맛집', '#협재맛집', '#협재해수욕장맛집', '#곽지해수욕장맛집', '#더럭분교맛집', '#애월해안도로', '#제주서쪽맛집', '#애월데이트코스', '#새별오름', '#애월카페', '#제주데이트코스']"
제주도에 이렇게 맛있는 해물들을 접할 수 있는 곳이 있다니. 이때까지 몰랐던 저를 혼내고싶을 정도로맛있는 곳이에요! 제주바다해찬#협재맛집#한림맛집#애월맛집#서귀포맛집#제주도맛집#제주맛집바다해찬#애월가볼만한곳#협재가볼만한곳#한림가볼만한곳,2021-08-19,저 좋아요를 눌러보세,,"['#협재맛집', '#한림맛집', '#애월맛집', '#서귀포맛집', '#제주도맛집', '#제주맛집바다해찬', '#애월가볼만한곳', '#협재가볼만한곳', '#한림가볼만한곳']"
"함덕해수욕장에서 차타고 1-2분거리 한번에 다섯가지를 먹을 수 있는 곳후식으로 우도땅콩아이스림까지 !!메뉴 : 안녕제주한상, 한라산을 품다, 뿔소라전복비빔밥, 뿔소라국수, 전복죽, 어린이한상위치 : 함덕 18길19영업시간 : 오전10시~오후7시20분함덕 맛집 안녕제주 많은 방문 부탁드립니다~ㅎㅎ#제주도 #제주도핫플 #제주맛집 #제주도맛집 #제주도현지인맛집 #제주현지인맛집 #제주현지인추천맛집 #함덕 #함덕맛집 #함덕해수욕장근처맛집 #함덕해변 #함덕해수욕장맛집 #함덕카페 #함덕소노벨리조트 #제주도여행 #제주도민맛집 #흑돼지 #우도땅콩아이스크림 #먹방 #함덕맛집탐방 #혼밥스타그램 #안녕제주 #함덕혼밥 #함덕해수욕장 #함덕현지인맛집 #함덕맛집추천 #제주함덕맛집 #함덕전복죽 #함덕어린이메뉴",2021-08-19,1,,"['#제주도', '#제주도핫플', '#제주맛집', '#제주도맛집', '#제주도현지인맛집', '#제주현지인맛집', '#제주현지인추천맛집', '#함덕', '#함덕맛집', '#함덕해수욕장근처맛집', '#함덕해변', '#함덕해수욕장맛집', '#함덕카페', '#함덕소노벨리조트', '#제주도여행', '#제주도민맛집', '#흑돼지', '#우도땅콩아이스크림', '#먹방', '#함덕맛집탐방', '#혼밥스타그램', '#안녕제주', '#함덕혼밥', '#함덕해수욕장', '#함덕현지인맛집', '#함덕맛집추천', '#제주함덕맛집', '#함덕전복죽', '#함덕어린이메뉴']"
😋........#제주도맛집#고등어쌈밥#간장게장#맛집#제주도#맛집탐방,2021-08-19,9,,"['#제주도맛집', '#고등어쌈밥', '#간장게장', '#맛집', '#제주도', '#맛집탐방']"
"함덕해수욕장에서 차타고 1-2분거리 한번에 다섯가지를 먹을 수 있는 곳후식으로 우도땅콩아이스림까지 !!메뉴 : 안녕제주한상, 한라산을 품다, 뿔소라전복비빔밥, 뿔소라국수, 전복죽, 어린이한상위치 : 함덕 18길19영업시간 : 오전10시~오후7시20분함덕 맛집 안녕제주 많은 방문 부탁드립니다~ㅎㅎ#제주도 #제주도핫플 #제주맛집 #제주도맛집 #제주도현지인맛집 #제주현지인맛집 #제주현지인추천맛집 #함덕 #함덕맛집 #함덕해수욕장근처맛집 #함덕해변 #함덕해수욕장맛집 #함덕카페 #함덕소노벨리조트 #제주도여행 #제주도민맛집 #흑돼지 #우도땅콩아이스크림 #먹방 #함덕맛집탐방 #혼밥스타그램 #안녕제주 #함덕혼밥 #함덕해수욕장 #함덕현지인맛집 #함덕맛집추천 #제주함덕맛집 #함덕전복죽 #함덕어린이메뉴",2021-08-19,1,,"['#제주도', '#제주도핫플', '#제주맛집', '#제주도맛집', '#제주도현지인맛집', '#제주현지인맛집', '#제주현지인추천맛집', '#함덕', '#함덕맛집', '#함덕해수욕장근처맛집', '#함덕해변', '#함덕해수욕장맛집', '#함덕카페', '#함덕소노벨리조트', '#제주도여행', '#제주도민맛집', '#흑돼지', '#우도땅콩아이스크림', '#먹방', '#함덕맛집탐방', '#혼밥스타그램', '#안녕제주', '#함덕혼밥', '#함덕해수욕장', '#함덕현지인맛집', '#함덕맛집추천', '#제주함덕맛집', '#함덕전복죽', '#함덕어린이메뉴']"
현지에 사는 지인들 소개로 알게 된 곳인데 정말 생각이상으로 만족했던 곳이에요다음에 꼭 가족들 데리고 여행 올때 꼭 먹으러 가야겠네욧#제주갈치조림맛집 #색달식당중문본점...#제주도갈치조림#서귀포갈치조림#제주여행#중문맛집색달식당#서귀포맛집#제주중문맛집#제주도맛집#제주갈치조림#제주맛집,2021-08-19,저 좋아요를 눌러보세,,"['#제주갈치조림맛집', '#색달식당중문본점...', '#제주도갈치조림', '#서귀포갈치조림', '#제주여행', '#중문맛집색달식당', '#서귀포맛집', '#제주중문맛집', '#제주도맛집', '#제주갈치조림', '#제주맛집']"
"🌴미영이네🌴♒︎♒︎♒︎♒︎♒︎♒︎♒︎♒︎♒︎♒︎♒︎♒︎♒︎♒︎♒︎♒︎♒︎♒︎♒︎♒︎♒︎♒︎♒︎♒︎♒︎🐟고등어회+탕 大 70,000🐟고등어구이 13,000♒︎♒︎♒︎♒︎♒︎♒︎♒︎♒︎♒︎♒︎♒︎♒︎♒︎♒︎♒︎♒︎♒︎♒︎♒︎♒︎♒︎♒︎♒︎♒︎♒︎7월에 가족여행으로 제주도를 다녀왔어요!여행 중 베스트푸드 ! #찐맛집 #미영이네 #고등어회 소개해드립니다๑'ٮ'๑드시는 방법은 세가지 ! 1️⃣ 고등어회를 쌈장에 찍어 회 본연의 맛을 느낀다2️⃣ 생김 위에 양념밥을 올리고 회를 올려 먹는다 (취향껏 마늘+고추 또는 쌈장을 올린다)3️⃣ 생김 위에 야채양념장과 회를 올려 먹는다크으,,, 대박,,, 양념장이 진짜 대박이에요,,,d=(´▽｀)우선 고등어회 절.대 전.혀 네.버 비리지 않아요저번에 먹었던 고등어회는 비려서 실망했는데여기는 두툼하고 생긴것도 곱고 에쁜것이.. 비리지도 않아.. 이래서 미영이네 미영이네 하나봐요ヾ(◍’౪`◍)ﾉﾞ♡저는 김이랑 싸 먹는 것을 좋아해서2,3 위주로 뚝딱 해치워 버렸어요 ㅋㅋㅋ가족들도 너무 만족스러워하면서 먹다보니 순.삭그렇게 기다리던 #고등어구이 도 나오고 (조금 탔다며,, 공짜로 받았슴돠 헿)고등어구이도 진짜 너무 부들부들.. (๑❛ڡ❛๑)☆텁텁하지 않은 고등어는 인생처음이었어요고등어구이까지 먹고 탕이 준비되어 마무리 하였습니당개인적으로 #고등어탕 은 제 취향이 아니었어요..ㅎㅎ⚠️워낙 핫플이라 대기가 길 수도 있어요!저는 17:00쯤 갔는데 대기 2팀 정도 있더라구요늦게가면 재료소진으로 일찍 마감하는 경우도 있으니, 일찍가세용! (‘•̀ ▽ •́ )φ♒︎♒︎♒︎♒︎♒︎♒︎♒︎♒︎♒︎♒︎♒︎♒︎♒︎♒︎♒︎♒︎♒︎♒︎♒︎♒︎♒︎♒︎♒︎♒︎♒︎♒︎♒︎♒︎♒︎♒︎♒︎♒︎📍제주도 서귀포시 대정읍 하모항구로42➪ 11:30-22:00➪ 라스트오더 20:30(재료 소진 시 조기마감)➪ 매월 둘째, 넷째주 수요일 휴무♒︎♒︎♒︎♒︎♒︎♒︎♒︎♒︎♒︎♒︎♒︎♒︎♒︎♒︎♒︎♒︎♒︎♒︎♒︎♒︎♒︎♒︎♒︎♒︎♒︎♒︎♒︎♒︎♒︎♒︎♒︎♒︎",2021-08-19,46,,"['#찐맛집', '#미영이네', '#고등어회', '#고등어구이', '#고등어탕']"
귀여운 프린트의 티셔츠가 소량 입고 되었어요🧡이제 F/W 신상 니트들을 바잉하고 있는데 제주도는 10월까지도 반팔 찾으시는 손님들이 계셔서 반팔도 계속 바잉하고 있답니다*제주아이카페도 활짝 오픈했어요*신선한 재료로 만듭니다#제주도맛집 #제주도가볼만한곳 #성산일출봉카페 #성산일출봉 #성산일출봉맛집 #제주도여행 #제주도기념품샵 #한라봉아이스크림 #한라봉스무디 #한라봉주스 #광치기해변 #제주도핫플레이스 #빛의벙커맛집 #아쿠아플라넷 #제주도쇼핑 #성산일출봉쇼핑#제주아이카페 #제주i #하리보목걸이 #원피스,2021-08-19,111,,"['#제주도맛집', '#제주도가볼만한곳', '#성산일출봉카페', '#성산일출봉', '#성산일출봉맛집', '#제주도여행', '#제주도기념품샵', '#한라봉아이스크림', '#한라봉스무디', '#한라봉주스', '#광치기해변', '#제주도핫플레이스', '#빛의벙커맛집', '#아쿠아플라넷', '#제주도쇼핑', '#성산일출봉쇼핑', '#제주아이카페', '#제주i', '#하리보목걸이', '#원피스']"
#제주도맛집 #맛난다그램 #젊줌마 #핵꿀맛 #영대맛집 #송도신도시맛집 #부산맛집 #양산맛집 #먹방스타그램?? #치킨스타그램 #안주빨 #요리하는엄마 #압구정동맛집 #피부관리 #무거동맛집 #데일리 #운동스타그램 #성산일출봉 #황리단길맛집 #성산맛집 #애월맛집,2021-08-19,0,,"['#제주도맛집', '#맛난다그램', '#젊줌마', '#핵꿀맛', '#영대맛집', '#송도신도시맛집', '#부산맛집', '#양산맛집', '#먹방스타그램??', '#치킨스타그램', '#안주빨', '#요리하는엄마', '#압구정동맛집', '#피부관리', '#무거동맛집', '#데일리', '#운동스타그램', '#성산일출봉', '#황리단길맛집', '#성산맛집', '#애월맛집']"
".옥상엔 빈백 정원! 🌤🌊1,2층은 월정 바다가 한눈에 보이는 실내 좌석과 야외 테라스곳곳에 있는 인생샷 포토존까지 즐겨보세요 📸😉제주시 구좌읍 해맞이해안로 406 카페콧수염070-4131-8880예쁜 사진 남겨주셔서 감사합니다 🌷방문해주신 모든 분들께 감사드립니다#제주여행 #제주도여행 #제주 #제주시카페 #제주도마카롱 #서귀포맛집 #제주도맛집 #제주월정리카페 #함덕해수욕장 #제주맛집 #성산일출봉맛집 #월정리 #제주카페 #제주해안도로 #제주도 #월정리콧수염 #제주도카페 #제주월정리 #월정리카페콧수염 #제주카페추천 #월정리카페 #구좌읍카페 #제주마카롱맛집 #월정리해수욕장 #월정리맛집 #구좌읍맛집 #세화카페 #성산맛집 #제주도기념품 #제주도선물",2021-08-19,1,,"['#제주여행', '#제주도여행', '#제주', '#제주시카페', '#제주도마카롱', '#서귀포맛집', '#제주도맛집', '#제주월정리카페', '#함덕해수욕장', '#제주맛집', '#성산일출봉맛집', '#월정리', '#제주카페', '#제주해안도로', '#제주도', '#월정리콧수염', '#제주도카페', '#제주월정리', '#월정리카페콧수염', '#제주카페추천', '#월정리카페', '#구좌읍카페', '#제주마카롱맛집', '#월정리해수욕장', '#월정리맛집', '#구좌읍맛집', '#세화카페', '#성산맛집', '#제주도기념품', '#제주도선물']"
#로드129 👉흑돼지치즈돈까스👉제주산 흑돼지함박스테이크👉흑돼지돈까스👉성게크림파스타👉해물야끼소바몽상드애월 도보10분🏃‍♂️--#애월맛집#제주맛집#제주도가볼만한곳#제주핫플#제주도먹방#서귀포맛집#산방산맛집#제주도맛집#제주여행#제주도여행#제주도#애월#협재맛집#제주도맛집추천#동문시장#제주#사계해변 #이호테우해변#새별오름#제주도휴가#제주도#곽지해수욕장#제주공항맛집#협재해수욕장#애월카페#road129,2021-08-19,2,,"['#로드129', '#애월맛집', '#제주맛집', '#제주도가볼만한곳', '#제주핫플', '#제주도먹방', '#서귀포맛집', '#산방산맛집', '#제주도맛집', '#제주여행', '#제주도여행', '#제주도', '#애월', '#협재맛집', '#제주도맛집추천', '#동문시장', '#제주', '#사계해변', '#이호테우해변', '#새별오름', '#제주도휴가', '#제주도', '#곽지해수욕장', '#제주공항맛집', '#협재해수욕장', '#애월카페', '#road129']"
충분히 보고 충분히 실행해 보고 충분히 활용 해 보세요. http://posting-king.shop #메뉴개발 #무료창업 #창업스타그램 #시니어창업 #외식 #떡볶이맛집 #강남역맛집 #동성로맛집 #서귀포맛집 #분당맛집 #경성대맛집 #디저트맛집 #건대맛집 #천안맛집 #상수맛집 #홍대맛집 #이태원맛집 #부산맛집 #맛집스타그램 #제주도맛집 #대구맛집 #서울맛집 #해운대맛집 #제주맛집 #맛집탐방,2021-08-19,4,,"['#메뉴개발', '#무료창업', '#창업스타그램', '#시니어창업', '#외식', '#떡볶이맛집', '#강남역맛집', '#동성로맛집', '#서귀포맛집', '#분당맛집', '#경성대맛집', '#디저트맛집', '#건대맛집', '#천안맛집', '#상수맛집', '#홍대맛집', '#이태원맛집', '#부산맛집', '#맛집스타그램', '#제주도맛집', '#대구맛집', '#서울맛집', '#해운대맛집', '#제주맛집', '#맛집탐방']"
".제주의 밤은 여기서 마무리하기로‼숙박가능한 갬성흑돼지맛집 #마녀상회 ✨⠀비,바람에도 문제없는 야외 흑돼지파티 뿌수고바로 앞 #아는형님게스트하우스 에서 숙박까지!!마당엔 귀욤뽀작 포니2마리와 사진도 찍자노을뷰의 분위기맛집 흑돼지맛집에서 하루 마무리 콜?!⠀@@우리 흑돼지뿌수고 여기서 숙박 ㄱㄱ📍위치 : 서귀포 대정읍 무릉사장로 154📍운영시간 : 16:00-22:00(재료소진시 조기마감)👉🏻 @jeju_masang⠀...#제주여행 #제주바다 #제주도여행#제주맛집 #제주도맛집 #제주맛집추천#제주도맛집추천 #제주흑돼지 #제주흑돼지맛집#제주도흑돼지 #제주도흑돼지맛집 #서귀포맛집#서귀포흑돼지 #서귀포흑돼지맛집 #제주맛집투어#제주가볼만한곳 #제주도가볼만한곳 #제주살이#제주도맛집여행 #제주숙소 #신화월드맛집",2021-08-19,저 좋아요를 눌러보세,,"['#마녀상회', '#아는형님게스트하우스', '#제주여행', '#제주바다', '#제주도여행', '#제주맛집', '#제주도맛집', '#제주맛집추천', '#제주도맛집추천', '#제주흑돼지', '#제주흑돼지맛집', '#제주도흑돼지', '#제주도흑돼지맛집', '#서귀포맛집', '#서귀포흑돼지', '#서귀포흑돼지맛집', '#제주맛집투어', '#제주가볼만한곳', '#제주도가볼만한곳', '#제주살이', '#제주도맛집여행', '#제주숙소', '#신화월드맛집']"
".제주의 밤은 여기서 마무리하기로‼숙박가능한 갬성흑돼지맛집 #마녀상회 ✨⠀비,바람에도 문제없는 야외 흑돼지파티 뿌수고바로 앞 #아는형님게스트하우스 에서 숙박까지!!마당엔 귀욤뽀작 포니2마리와 사진도 찍자노을뷰의 분위기맛집 흑돼지맛집에서 하루 마무리 콜?!⠀@@우리 흑돼지뿌수고 여기서 숙박 ㄱㄱ📍위치 : 서귀포 대정읍 무릉사장로 154📍운영시간 : 16:00-22:00(재료소진시 조기마감)👉🏻 @jeju_masang⠀...#제주여행 #제주바다 #제주도여행#제주맛집 #제주도맛집 #제주맛집추천#제주도맛집추천 #제주흑돼지 #제주흑돼지맛집#제주도흑돼지 #제주도흑돼지맛집 #서귀포맛집#서귀포흑돼지 #서귀포흑돼지맛집 #제주맛집투어#제주가볼만한곳 #제주도가볼만한곳 #제주살이#제주도맛집여행 #제주숙소 #신화월드맛집",2021-08-19,1,,"['#마녀상회', '#아는형님게스트하우스', '#제주여행', '#제주바다', '#제주도여행', '#제주맛집', '#제주도맛집', '#제주맛집추천', '#제주도맛집추천', '#제주흑돼지', '#제주흑돼지맛집', '#제주도흑돼지', '#제주도흑돼지맛집', '#서귀포맛집', '#서귀포흑돼지', '#서귀포흑돼지맛집', '#제주맛집투어', '#제주가볼만한곳', '#제주도가볼만한곳', '#제주살이', '#제주도맛집여행', '#제주숙소', '#신화월드맛집']"
".제주의 밤은 여기서 마무리하기로‼숙박가능한 갬성흑돼지맛집 #마녀상회 ✨⠀비,바람에도 문제없는 야외 흑돼지파티 뿌수고바로 앞 #아는형님게스트하우스 에서 숙박까지!!마당엔 귀욤뽀작 포니2마리와 사진도 찍자노을뷰의 분위기맛집 흑돼지맛집에서 하루 마무리 콜?!⠀@@우리 흑돼지뿌수고 여기서 숙박 ㄱㄱ📍위치 : 서귀포 대정읍 무릉사장로 154📍운영시간 : 16:00-22:00(재료소진시 조기마감)👉🏻 @jeju_masang⠀...#제주여행 #제주바다 #제주도여행#제주맛집 #제주도맛집 #제주맛집추천#제주도맛집추천 #제주흑돼지 #제주흑돼지맛집#제주도흑돼지 #제주도흑돼지맛집 #서귀포맛집#서귀포흑돼지 #서귀포흑돼지맛집 #제주맛집투어#제주가볼만한곳 #제주도가볼만한곳 #제주살이#제주도맛집여행 #제주숙소 #신화월드맛집",2021-08-19,1,,"['#마녀상회', '#아는형님게스트하우스', '#제주여행', '#제주바다', '#제주도여행', '#제주맛집', '#제주도맛집', '#제주맛집추천', '#제주도맛집추천', '#제주흑돼지', '#제주흑돼지맛집', '#제주도흑돼지', '#제주도흑돼지맛집', '#서귀포맛집', '#서귀포흑돼지', '#서귀포흑돼지맛집', '#제주맛집투어', '#제주가볼만한곳', '#제주도가볼만한곳', '#제주살이', '#제주도맛집여행', '#제주숙소', '#신화월드맛집']"
".제주의 밤은 여기서 마무리하기로‼숙박가능한 갬성흑돼지맛집 #마녀상회 ✨⠀비,바람에도 문제없는 야외 흑돼지파티 뿌수고바로 앞 #아는형님게스트하우스 에서 숙박까지!!마당엔 귀욤뽀작 포니2마리와 사진도 찍자노을뷰의 분위기맛집 흑돼지맛집에서 하루 마무리 콜?!⠀@@우리 흑돼지뿌수고 여기서 숙박 ㄱㄱ📍위치 : 서귀포 대정읍 무릉사장로 154📍운영시간 : 16:00-22:00(재료소진시 조기마감)👉🏻 @jeju_masang⠀...#제주여행 #제주바다 #제주도여행#제주맛집 #제주도맛집 #제주맛집추천#제주도맛집추천 #제주흑돼지 #제주흑돼지맛집#제주도흑돼지 #제주도흑돼지맛집 #서귀포맛집#서귀포흑돼지 #서귀포흑돼지맛집 #제주맛집투어#제주가볼만한곳 #제주도가볼만한곳 #제주살이#제주도맛집여행 #제주숙소 #신화월드맛집",2021-08-19,4,,"['#마녀상회', '#아는형님게스트하우스', '#제주여행', '#제주바다', '#제주도여행', '#제주맛집', '#제주도맛집', '#제주맛집추천', '#제주도맛집추천', '#제주흑돼지', '#제주흑돼지맛집', '#제주도흑돼지', '#제주도흑돼지맛집', '#서귀포맛집', '#서귀포흑돼지', '#서귀포흑돼지맛집', '#제주맛집투어', '#제주가볼만한곳', '#제주도가볼만한곳', '#제주살이', '#제주도맛집여행', '#제주숙소', '#신화월드맛집']"
".제주의 밤은 여기서 마무리하기로‼숙박가능한 갬성흑돼지맛집 #마녀상회 ✨⠀비,바람에도 문제없는 야외 흑돼지파티 뿌수고바로 앞 #아는형님게스트하우스 에서 숙박까지!!마당엔 귀욤뽀작 포니2마리와 사진도 찍자노을뷰의 분위기맛집 흑돼지맛집에서 하루 마무리 콜?!⠀@@우리 흑돼지뿌수고 여기서 숙박 ㄱㄱ📍위치 : 서귀포 대정읍 무릉사장로 154📍운영시간 : 16:00-22:00(재료소진시 조기마감)👉🏻 @jeju_masang⠀...#제주여행 #제주바다 #제주도여행#제주맛집 #제주도맛집 #제주맛집추천#제주도맛집추천 #제주흑돼지 #제주흑돼지맛집#제주도흑돼지 #제주도흑돼지맛집 #서귀포맛집#서귀포흑돼지 #서귀포흑돼지맛집 #제주맛집투어#제주가볼만한곳 #제주도가볼만한곳 #제주살이#제주도맛집여행 #제주숙소 #신화월드맛집",2021-08-19,1,,"['#마녀상회', '#아는형님게스트하우스', '#제주여행', '#제주바다', '#제주도여행', '#제주맛집', '#제주도맛집', '#제주맛집추천', '#제주도맛집추천', '#제주흑돼지', '#제주흑돼지맛집', '#제주도흑돼지', '#제주도흑돼지맛집', '#서귀포맛집', '#서귀포흑돼지', '#서귀포흑돼지맛집', '#제주맛집투어', '#제주가볼만한곳', '#제주도가볼만한곳', '#제주살이', '#제주도맛집여행', '#제주숙소', '#신화월드맛집']"
".제주의 밤은 여기서 마무리하기로‼숙박가능한 갬성흑돼지맛집 #마녀상회 ✨⠀비,바람에도 문제없는 야외 흑돼지파티 뿌수고바로 앞 #아는형님게스트하우스 에서 숙박까지!!마당엔 귀욤뽀작 포니2마리와 사진도 찍자노을뷰의 분위기맛집 흑돼지맛집에서 하루 마무리 콜?!⠀@@우리 흑돼지뿌수고 여기서 숙박 ㄱㄱ📍위치 : 서귀포 대정읍 무릉사장로 154📍운영시간 : 16:00-22:00(재료소진시 조기마감)👉🏻 @jeju_masang⠀...#제주여행 #제주바다 #제주도여행#제주맛집 #제주도맛집 #제주맛집추천#제주도맛집추천 #제주흑돼지 #제주흑돼지맛집#제주도흑돼지 #제주도흑돼지맛집 #서귀포맛집#서귀포흑돼지 #서귀포흑돼지맛집 #제주맛집투어#제주가볼만한곳 #제주도가볼만한곳 #제주살이#제주도맛집여행 #제주숙소 #신화월드맛집",2021-08-19,3,,"['#마녀상회', '#아는형님게스트하우스', '#제주여행', '#제주바다', '#제주도여행', '#제주맛집', '#제주도맛집', '#제주맛집추천', '#제주도맛집추천', '#제주흑돼지', '#제주흑돼지맛집', '#제주도흑돼지', '#제주도흑돼지맛집', '#서귀포맛집', '#서귀포흑돼지', '#서귀포흑돼지맛집', '#제주맛집투어', '#제주가볼만한곳', '#제주도가볼만한곳', '#제주살이', '#제주도맛집여행', '#제주숙소', '#신화월드맛집']"
"나는 주로 추억과 야식을 먹고 살지 ,,,",2021-08-19,15,,[]
".제주의 밤은 여기서 마무리하기로‼숙박가능한 갬성흑돼지맛집 #마녀상회 ✨⠀비,바람에도 문제없는 야외 흑돼지파티 뿌수고바로 앞 #아는형님게스트하우스 에서 숙박까지!!마당엔 귀욤뽀작 포니2마리와 사진도 찍자노을뷰의 분위기맛집 흑돼지맛집에서 하루 마무리 콜?!⠀@@우리 흑돼지뿌수고 여기서 숙박 ㄱㄱ📍위치 : 서귀포 대정읍 무릉사장로 154📍운영시간 : 16:00-22:00(재료소진시 조기마감)👉🏻 @jeju_masang⠀...#제주여행 #제주바다 #제주도여행#제주맛집 #제주도맛집 #제주맛집추천#제주도맛집추천 #제주흑돼지 #제주흑돼지맛집#제주도흑돼지 #제주도흑돼지맛집 #서귀포맛집#서귀포흑돼지 #서귀포흑돼지맛집 #제주맛집투어#제주가볼만한곳 #제주도가볼만한곳 #제주살이#제주도맛집여행 #제주숙소 #신화월드맛집",2021-08-19,2,,"['#마녀상회', '#아는형님게스트하우스', '#제주여행', '#제주바다', '#제주도여행', '#제주맛집', '#제주도맛집', '#제주맛집추천', '#제주도맛집추천', '#제주흑돼지', '#제주흑돼지맛집', '#제주도흑돼지', '#제주도흑돼지맛집', '#서귀포맛집', '#서귀포흑돼지', '#서귀포흑돼지맛집', '#제주맛집투어', '#제주가볼만한곳', '#제주도가볼만한곳', '#제주살이', '#제주도맛집여행', '#제주숙소', '#신화월드맛집']"
".제주의 밤은 여기서 마무리하기로‼숙박가능한 갬성흑돼지맛집 #마녀상회 ✨⠀비,바람에도 문제없는 야외 흑돼지파티 뿌수고바로 앞 #아는형님게스트하우스 에서 숙박까지!!마당엔 귀욤뽀작 포니2마리와 사진도 찍자노을뷰의 분위기맛집 흑돼지맛집에서 하루 마무리 콜?!⠀@@우리 흑돼지뿌수고 여기서 숙박 ㄱㄱ📍위치 : 서귀포 대정읍 무릉사장로 154📍운영시간 : 16:00-22:00(재료소진시 조기마감)👉🏻 @jeju_masang⠀...#제주여행 #제주바다 #제주도여행#제주맛집 #제주도맛집 #제주맛집추천#제주도맛집추천 #제주흑돼지 #제주흑돼지맛집#제주도흑돼지 #제주도흑돼지맛집 #서귀포맛집#서귀포흑돼지 #서귀포흑돼지맛집 #제주맛집투어#제주가볼만한곳 #제주도가볼만한곳 #제주살이#제주도맛집여행 #제주숙소 #신화월드맛집",2021-08-19,4,,"['#마녀상회', '#아는형님게스트하우스', '#제주여행', '#제주바다', '#제주도여행', '#제주맛집', '#제주도맛집', '#제주맛집추천', '#제주도맛집추천', '#제주흑돼지', '#제주흑돼지맛집', '#제주도흑돼지', '#제주도흑돼지맛집', '#서귀포맛집', '#서귀포흑돼지', '#서귀포흑돼지맛집', '#제주맛집투어', '#제주가볼만한곳', '#제주도가볼만한곳', '#제주살이', '#제주도맛집여행', '#제주숙소', '#신화월드맛집']"
".제주의 밤은 여기서 마무리하기로‼숙박가능한 갬성흑돼지맛집 #마녀상회 ✨⠀비,바람에도 문제없는 야외 흑돼지파티 뿌수고바로 앞 #아는형님게스트하우스 에서 숙박까지!!마당엔 귀욤뽀작 포니2마리와 사진도 찍자노을뷰의 분위기맛집 흑돼지맛집에서 하루 마무리 콜?!⠀@@우리 흑돼지뿌수고 여기서 숙박 ㄱㄱ📍위치 : 서귀포 대정읍 무릉사장로 154📍운영시간 : 16:00-22:00(재료소진시 조기마감)👉🏻 @jeju_masang⠀...#제주여행 #제주바다 #제주도여행#제주맛집 #제주도맛집 #제주맛집추천#제주도맛집추천 #제주흑돼지 #제주흑돼지맛집#제주도흑돼지 #제주도흑돼지맛집 #서귀포맛집#서귀포흑돼지 #서귀포흑돼지맛집 #제주맛집투어#제주가볼만한곳 #제주도가볼만한곳 #제주살이#제주도맛집여행 #제주숙소 #신화월드맛집",2021-08-19,저 좋아요를 눌러보세,,"['#마녀상회', '#아는형님게스트하우스', '#제주여행', '#제주바다', '#제주도여행', '#제주맛집', '#제주도맛집', '#제주맛집추천', '#제주도맛집추천', '#제주흑돼지', '#제주흑돼지맛집', '#제주도흑돼지', '#제주도흑돼지맛집', '#서귀포맛집', '#서귀포흑돼지', '#서귀포흑돼지맛집', '#제주맛집투어', '#제주가볼만한곳', '#제주도가볼만한곳', '#제주살이', '#제주도맛집여행', '#제주숙소', '#신화월드맛집']"
"#마늘의맛집탐방 #마늘로드맛집 #빵빵여사 #마늘로드제주 #마늘로드제주도 #겸손의아이콘 이틀 내내 빵빵여사와 빵만 먹었다. 배가 빵빵 해졌다.다행히 한끼는 고기를. #마농갈비...#금강산도식후경 1.  끌림2. 인스밀3. 율4. 이누팬 @iinu_pan5. 금능샌드6. 연과자점7. 보래드베이커스8. 88버거스9. 넘버피넛10. 설심당11. 명호마농갈비 @kimhoy @jeju_burningcow....언제든 가기 쉬운 국내맛집 리뷰, 평가는 안해요.해외맛집 리뷰는 -> @hellomatzip#여피와히피사이#simpleisbest#남는건시간뿐 #골로가는데순서없다 .#하고싶은일만한다 .#다이어트는내일로 ... #제주맛집 #제주도맛집 #jejutrip #제주여행 #제주도여행 #제주빵집 #제주도빵집",2021-08-19,34,,"['#마늘의맛집탐방', '#마늘로드맛집', '#빵빵여사', '#마늘로드제주', '#마늘로드제주도', '#겸손의아이콘', '#마농갈비...', '#금강산도식후경', '#여피와히피사이', '#simpleisbest', '#남는건시간뿐', '#골로가는데순서없다', '#하고싶은일만한다', '#다이어트는내일로', '#제주맛집', '#제주도맛집', '#jejutrip', '#제주여행', '#제주도여행', '#제주빵집', '#제주도빵집']"
".제주의 밤은 여기서 마무리하기로‼숙박가능한 갬성흑돼지맛집 #마녀상회 ✨⠀비,바람에도 문제없는 야외 흑돼지파티 뿌수고바로 앞 #아는형님게스트하우스 에서 숙박까지!!마당엔 귀욤뽀작 포니2마리와 사진도 찍자노을뷰의 분위기맛집 흑돼지맛집에서 하루 마무리 콜?!⠀@@우리 흑돼지뿌수고 여기서 숙박 ㄱㄱ📍위치 : 서귀포 대정읍 무릉사장로 154📍운영시간 : 16:00-22:00(재료소진시 조기마감)👉🏻 @jeju_masang⠀...#제주여행 #제주바다 #제주도여행#제주맛집 #제주도맛집 #제주맛집추천#제주도맛집추천 #제주흑돼지 #제주흑돼지맛집#제주도흑돼지 #제주도흑돼지맛집 #서귀포맛집#서귀포흑돼지 #서귀포흑돼지맛집 #제주맛집투어#제주가볼만한곳 #제주도가볼만한곳 #제주살이#제주도맛집여행 #제주숙소 #신화월드맛집",2021-08-19,1,,"['#마녀상회', '#아는형님게스트하우스', '#제주여행', '#제주바다', '#제주도여행', '#제주맛집', '#제주도맛집', '#제주맛집추천', '#제주도맛집추천', '#제주흑돼지', '#제주흑돼지맛집', '#제주도흑돼지', '#제주도흑돼지맛집', '#서귀포맛집', '#서귀포흑돼지', '#서귀포흑돼지맛집', '#제주맛집투어', '#제주가볼만한곳', '#제주도가볼만한곳', '#제주살이', '#제주도맛집여행', '#제주숙소', '#신화월드맛집']"
".제주의 밤은 여기서 마무리하기로‼숙박가능한 갬성흑돼지맛집 #마녀상회 ✨⠀비,바람에도 문제없는 야외 흑돼지파티 뿌수고바로 앞 #아는형님게스트하우스 에서 숙박까지!!마당엔 귀욤뽀작 포니2마리와 사진도 찍자노을뷰의 분위기맛집 흑돼지맛집에서 하루 마무리 콜?!⠀@@우리 흑돼지뿌수고 여기서 숙박 ㄱㄱ📍위치 : 서귀포 대정읍 무릉사장로 154📍운영시간 : 16:00-22:00(재료소진시 조기마감)👉🏻 @jeju_masang⠀...#제주여행 #제주바다 #제주도여행#제주맛집 #제주도맛집 #제주맛집추천#제주도맛집추천 #제주흑돼지 #제주흑돼지맛집#제주도흑돼지 #제주도흑돼지맛집 #서귀포맛집#서귀포흑돼지 #서귀포흑돼지맛집 #제주맛집투어#제주가볼만한곳 #제주도가볼만한곳 #제주살이#제주도맛집여행 #제주숙소 #신화월드맛집",2021-08-19,1,,"['#마녀상회', '#아는형님게스트하우스', '#제주여행', '#제주바다', '#제주도여행', '#제주맛집', '#제주도맛집', '#제주맛집추천', '#제주도맛집추천', '#제주흑돼지', '#제주흑돼지맛집', '#제주도흑돼지', '#제주도흑돼지맛집', '#서귀포맛집', '#서귀포흑돼지', '#서귀포흑돼지맛집', '#제주맛집투어', '#제주가볼만한곳', '#제주도가볼만한곳', '#제주살이', '#제주도맛집여행', '#제주숙소', '#신화월드맛집']"
⠀⠀⠀⠀ˏ 𓏧 𓏲 𓏲 𓏲 𓋒 𓏲 𓏲 𓏲 𓏲 𓏧 ˎ⠀𝙋𝙧𝙚𝙢𝙞𝙪𝙢 𝙦𝙪𝙖𝙡𝙞𝙩𝙮𝙍𝙐𝘾𝙄𝙀𝙇𝙈𝘼𝙇𝙇🏷⠀⠀🍃 더 많은 상품은 상단 링크에카테고리별로 나뉘어져있습니다 :)⠀ˏ 𓏧 𓏲 𓏲 𓏲 𓋒 𓏲 𓏲 𓏲 𓏲 𓏧 ˎ⠀𝙠𝙖𝙠𝙖𝙤𝙩𝙖𝙡𝙠 ㅡ❥𝙗𝙞𝙗𝙞𝙮𝙖77⠀카톡 친추 또는 플필상단 링크로사진첨부 후 문의부탁드려요 ꈍᴗꈍ⠀⠀모든상품 색상별 사이즈별모두 구매가능합니다 🙆 ♀️피드에 없는 상품도 구매가능해용 ❥･•⠀⠀╔═══════ -ˋˏ *.·:·.⟐.·:·.* ˎˊ- ═══════╗⠀⠀❥･• DM / 댓글은 확인못합니다 ㅠㅠ❥･• 현금 / 카드결제 무이자 가능❥･• 1차 2차 철저한 검수진행필수!❥･• 검수사진 또는 검수영상 전달 후 출고❥･• 배송기간은 출고 후 2-3주 소요❥･• 수령할때까지 배송상시체크 후 안내❥･• 모든제품 풀박스 구성⠀⠀╚═══════ -ˋˏ *.·:·.⟐.·:·.* ˎˊ- ═══════╝⠀⠀⠀이미 한번 구매하신 언니들은소개도 많이 해주시공몇년째 쭉- 한결같이 이용중인언니들이 많은 루시엘몰이에요 'ڡ'४⠀⠀퀄리티는 당연히 인정이죠 ✌수령할때까지 딱!딱! 배송체크해주니깐안심하고 맘편히 받아보세용 ⑉♥⠀⠀정품퀄리티로 이젠 당당하게 사용하세요 'ڡ'४문의는 프로필 상단 링크로 문의주세욥⑉♥⠀⠀⠀⠀,2021-08-19,2,,[]
엄청큰 카페뜬!!,2021-08-19,49,,[]
뜬,2021-08-19,63,,[]
".제주의 밤은 여기서 마무리하기로‼숙박가능한 갬성흑돼지맛집 #마녀상회 ✨⠀비,바람에도 문제없는 야외 흑돼지파티 뿌수고바로 앞 #아는형님게스트하우스 에서 숙박까지!!마당엔 귀욤뽀작 포니2마리와 사진도 찍자노을뷰의 분위기맛집 흑돼지맛집에서 하루 마무리 콜?!⠀@@우리 흑돼지뿌수고 여기서 숙박 ㄱㄱ📍위치 : 서귀포 대정읍 무릉사장로 154📍운영시간 : 16:00-22:00(재료소진시 조기마감)👉🏻 @jeju_masang⠀...#제주여행 #제주바다 #제주도여행#제주맛집 #제주도맛집 #제주맛집추천#제주도맛집추천 #제주흑돼지 #제주흑돼지맛집#제주도흑돼지 #제주도흑돼지맛집 #서귀포맛집#서귀포흑돼지 #서귀포흑돼지맛집 #제주맛집투어#제주가볼만한곳 #제주도가볼만한곳 #제주살이#제주도맛집여행 #제주숙소 #신화월드맛집",2021-08-19,저 좋아요를 눌러보세,,"['#마녀상회', '#아는형님게스트하우스', '#제주여행', '#제주바다', '#제주도여행', '#제주맛집', '#제주도맛집', '#제주맛집추천', '#제주도맛집추천', '#제주흑돼지', '#제주흑돼지맛집', '#제주도흑돼지', '#제주도흑돼지맛집', '#서귀포맛집', '#서귀포흑돼지', '#서귀포흑돼지맛집', '#제주맛집투어', '#제주가볼만한곳', '#제주도가볼만한곳', '#제주살이', '#제주도맛집여행', '#제주숙소', '#신화월드맛집']"
".제주의 밤은 여기서 마무리하기로‼숙박가능한 갬성흑돼지맛집 #마녀상회 ✨⠀비,바람에도 문제없는 야외 흑돼지파티 뿌수고바로 앞 #아는형님게스트하우스 에서 숙박까지!!마당엔 귀욤뽀작 포니2마리와 사진도 찍자노을뷰의 분위기맛집 흑돼지맛집에서 하루 마무리 콜?!⠀@@우리 흑돼지뿌수고 여기서 숙박 ㄱㄱ📍위치 : 서귀포 대정읍 무릉사장로 154📍운영시간 : 16:00-22:00(재료소진시 조기마감)👉🏻 @jeju_masang⠀...#제주여행 #제주바다 #제주도여행#제주맛집 #제주도맛집 #제주맛집추천#제주도맛집추천 #제주흑돼지 #제주흑돼지맛집#제주도흑돼지 #제주도흑돼지맛집 #서귀포맛집#서귀포흑돼지 #서귀포흑돼지맛집 #제주맛집투어#제주가볼만한곳 #제주도가볼만한곳 #제주살이#제주도맛집여행 #제주숙소 #신화월드맛집",2021-08-19,1,,"['#마녀상회', '#아는형님게스트하우스', '#제주여행', '#제주바다', '#제주도여행', '#제주맛집', '#제주도맛집', '#제주맛집추천', '#제주도맛집추천', '#제주흑돼지', '#제주흑돼지맛집', '#제주도흑돼지', '#제주도흑돼지맛집', '#서귀포맛집', '#서귀포흑돼지', '#서귀포흑돼지맛집', '#제주맛집투어', '#제주가볼만한곳', '#제주도가볼만한곳', '#제주살이', '#제주도맛집여행', '#제주숙소', '#신화월드맛집']"
".제주의 밤은 여기서 마무리하기로‼숙박가능한 갬성흑돼지맛집 #마녀상회 ✨⠀비,바람에도 문제없는 야외 흑돼지파티 뿌수고바로 앞 #아는형님게스트하우스 에서 숙박까지!!마당엔 귀욤뽀작 포니2마리와 사진도 찍자노을뷰의 분위기맛집 흑돼지맛집에서 하루 마무리 콜?!⠀@@우리 흑돼지뿌수고 여기서 숙박 ㄱㄱ📍위치 : 서귀포 대정읍 무릉사장로 154📍운영시간 : 16:00-22:00(재료소진시 조기마감)👉🏻 @jeju_masang⠀...#제주여행 #제주바다 #제주도여행#제주맛집 #제주도맛집 #제주맛집추천#제주도맛집추천 #제주흑돼지 #제주흑돼지맛집#제주도흑돼지 #제주도흑돼지맛집 #서귀포맛집#서귀포흑돼지 #서귀포흑돼지맛집 #제주맛집투어#제주가볼만한곳 #제주도가볼만한곳 #제주살이#제주도맛집여행 #제주숙소 #신화월드맛집",2021-08-19,저 좋아요를 눌러보세,,"['#마녀상회', '#아는형님게스트하우스', '#제주여행', '#제주바다', '#제주도여행', '#제주맛집', '#제주도맛집', '#제주맛집추천', '#제주도맛집추천', '#제주흑돼지', '#제주흑돼지맛집', '#제주도흑돼지', '#제주도흑돼지맛집', '#서귀포맛집', '#서귀포흑돼지', '#서귀포흑돼지맛집', '#제주맛집투어', '#제주가볼만한곳', '#제주도가볼만한곳', '#제주살이', '#제주도맛집여행', '#제주숙소', '#신화월드맛집']"
".제주의 밤은 여기서 마무리하기로‼숙박가능한 갬성흑돼지맛집 #마녀상회 ✨⠀비,바람에도 문제없는 야외 흑돼지파티 뿌수고바로 앞 #아는형님게스트하우스 에서 숙박까지!!마당엔 귀욤뽀작 포니2마리와 사진도 찍자노을뷰의 분위기맛집 흑돼지맛집에서 하루 마무리 콜?!⠀@@우리 흑돼지뿌수고 여기서 숙박 ㄱㄱ📍위치 : 서귀포 대정읍 무릉사장로 154📍운영시간 : 16:00-22:00(재료소진시 조기마감)👉🏻 @jeju_masang⠀...#제주여행 #제주바다 #제주도여행#제주맛집 #제주도맛집 #제주맛집추천#제주도맛집추천 #제주흑돼지 #제주흑돼지맛집#제주도흑돼지 #제주도흑돼지맛집 #서귀포맛집#서귀포흑돼지 #서귀포흑돼지맛집 #제주맛집투어#제주가볼만한곳 #제주도가볼만한곳 #제주살이#제주도맛집여행 #제주숙소 #신화월드맛집",2021-08-19,3,,"['#마녀상회', '#아는형님게스트하우스', '#제주여행', '#제주바다', '#제주도여행', '#제주맛집', '#제주도맛집', '#제주맛집추천', '#제주도맛집추천', '#제주흑돼지', '#제주흑돼지맛집', '#제주도흑돼지', '#제주도흑돼지맛집', '#서귀포맛집', '#서귀포흑돼지', '#서귀포흑돼지맛집', '#제주맛집투어', '#제주가볼만한곳', '#제주도가볼만한곳', '#제주살이', '#제주도맛집여행', '#제주숙소', '#신화월드맛집']"
".제주의 밤은 여기서 마무리하기로‼숙박가능한 갬성흑돼지맛집 #마녀상회 ✨⠀비,바람에도 문제없는 야외 흑돼지파티 뿌수고바로 앞 #아는형님게스트하우스 에서 숙박까지!!마당엔 귀욤뽀작 포니2마리와 사진도 찍자노을뷰의 분위기맛집 흑돼지맛집에서 하루 마무리 콜?!⠀@@우리 흑돼지뿌수고 여기서 숙박 ㄱㄱ📍위치 : 서귀포 대정읍 무릉사장로 154📍운영시간 : 16:00-22:00(재료소진시 조기마감)👉🏻 @jeju_masang⠀...#제주여행 #제주바다 #제주도여행#제주맛집 #제주도맛집 #제주맛집추천#제주도맛집추천 #제주흑돼지 #제주흑돼지맛집#제주도흑돼지 #제주도흑돼지맛집 #서귀포맛집#서귀포흑돼지 #서귀포흑돼지맛집 #제주맛집투어#제주가볼만한곳 #제주도가볼만한곳 #제주살이#제주도맛집여행 #제주숙소 #신화월드맛집",2021-08-19,2,,"['#마녀상회', '#아는형님게스트하우스', '#제주여행', '#제주바다', '#제주도여행', '#제주맛집', '#제주도맛집', '#제주맛집추천', '#제주도맛집추천', '#제주흑돼지', '#제주흑돼지맛집', '#제주도흑돼지', '#제주도흑돼지맛집', '#서귀포맛집', '#서귀포흑돼지', '#서귀포흑돼지맛집', '#제주맛집투어', '#제주가볼만한곳', '#제주도가볼만한곳', '#제주살이', '#제주도맛집여행', '#제주숙소', '#신화월드맛집']"
"#행오바파커 오늘도 깔끔하게 오픈준비 됐습니다👍찾아주시면 맛있는 #아메리칸핫도그 로 답하겠습니다🌭🙏🙏🌭배민으로 주문 가능 #멜버른32 검색🛵🛵서귀포시 동부로24, MELBOURNE32open 12:00-close 01:00@melbourne_32#제주맛집 #제주도맛집 #제주도민맛집 #서귀포맛집 #정방폭포 #천지연폭포 #쇠소깍 #애월맛집 #협재해수욕장 #협재맛집 #아메리칸핫도그 #아메리칸핫도그맛집 #제주도여행 #서귀포여행 #이중섭거리 #자구리공원 #중문색달해변",2021-08-19,4,,"['#행오바파커', '#아메리칸핫도그', '#멜버른32', '#제주맛집', '#제주도맛집', '#제주도민맛집', '#서귀포맛집', '#정방폭포', '#천지연폭포', '#쇠소깍', '#애월맛집', '#협재해수욕장', '#협재맛집', '#아메리칸핫도그', '#아메리칸핫도그맛집', '#제주도여행', '#서귀포여행', '#이중섭거리', '#자구리공원', '#중문색달해변']"
".제주의 밤은 여기서 마무리하기로‼숙박가능한 갬성흑돼지맛집 #마녀상회 ✨⠀비,바람에도 문제없는 야외 흑돼지파티 뿌수고바로 앞 #아는형님게스트하우스 에서 숙박까지!!마당엔 귀욤뽀작 포니2마리와 사진도 찍자노을뷰의 분위기맛집 흑돼지맛집에서 하루 마무리 콜?!⠀@@우리 흑돼지뿌수고 여기서 숙박 ㄱㄱ📍위치 : 서귀포 대정읍 무릉사장로 154📍운영시간 : 16:00-22:00(재료소진시 조기마감)👉🏻 @jeju_masang⠀...#제주여행 #제주바다 #제주도여행#제주맛집 #제주도맛집 #제주맛집추천#제주도맛집추천 #제주흑돼지 #제주흑돼지맛집#제주도흑돼지 #제주도흑돼지맛집 #서귀포맛집#서귀포흑돼지 #서귀포흑돼지맛집 #제주맛집투어#제주가볼만한곳 #제주도가볼만한곳 #제주살이#제주도맛집여행 #제주숙소 #신화월드맛집",2021-08-19,3,,"['#마녀상회', '#아는형님게스트하우스', '#제주여행', '#제주바다', '#제주도여행', '#제주맛집', '#제주도맛집', '#제주맛집추천', '#제주도맛집추천', '#제주흑돼지', '#제주흑돼지맛집', '#제주도흑돼지', '#제주도흑돼지맛집', '#서귀포맛집', '#서귀포흑돼지', '#서귀포흑돼지맛집', '#제주맛집투어', '#제주가볼만한곳', '#제주도가볼만한곳', '#제주살이', '#제주도맛집여행', '#제주숙소', '#신화월드맛집']"
".제주의 밤은 여기서 마무리하기로‼숙박가능한 갬성흑돼지맛집 #마녀상회 ✨⠀비,바람에도 문제없는 야외 흑돼지파티 뿌수고바로 앞 #아는형님게스트하우스 에서 숙박까지!!마당엔 귀욤뽀작 포니2마리와 사진도 찍자노을뷰의 분위기맛집 흑돼지맛집에서 하루 마무리 콜?!⠀@@우리 흑돼지뿌수고 여기서 숙박 ㄱㄱ📍위치 : 서귀포 대정읍 무릉사장로 154📍운영시간 : 16:00-22:00(재료소진시 조기마감)👉🏻 @jeju_masang⠀...#제주여행 #제주바다 #제주도여행#제주맛집 #제주도맛집 #제주맛집추천#제주도맛집추천 #제주흑돼지 #제주흑돼지맛집#제주도흑돼지 #제주도흑돼지맛집 #서귀포맛집#서귀포흑돼지 #서귀포흑돼지맛집 #제주맛집투어#제주가볼만한곳 #제주도가볼만한곳 #제주살이#제주도맛집여행 #제주숙소 #신화월드맛집",2021-08-19,저 좋아요를 눌러보세,,"['#마녀상회', '#아는형님게스트하우스', '#제주여행', '#제주바다', '#제주도여행', '#제주맛집', '#제주도맛집', '#제주맛집추천', '#제주도맛집추천', '#제주흑돼지', '#제주흑돼지맛집', '#제주도흑돼지', '#제주도흑돼지맛집', '#서귀포맛집', '#서귀포흑돼지', '#서귀포흑돼지맛집', '#제주맛집투어', '#제주가볼만한곳', '#제주도가볼만한곳', '#제주살이', '#제주도맛집여행', '#제주숙소', '#신화월드맛집']"
".제주의 밤은 여기서 마무리하기로‼숙박가능한 갬성흑돼지맛집 #마녀상회 ✨⠀비,바람에도 문제없는 야외 흑돼지파티 뿌수고바로 앞 #아는형님게스트하우스 에서 숙박까지!!마당엔 귀욤뽀작 포니2마리와 사진도 찍자노을뷰의 분위기맛집 흑돼지맛집에서 하루 마무리 콜?!⠀@@우리 흑돼지뿌수고 여기서 숙박 ㄱㄱ📍위치 : 서귀포 대정읍 무릉사장로 154📍운영시간 : 16:00-22:00(재료소진시 조기마감)👉🏻 @jeju_masang⠀...#제주여행 #제주바다 #제주도여행#제주맛집 #제주도맛집 #제주맛집추천#제주도맛집추천 #제주흑돼지 #제주흑돼지맛집#제주도흑돼지 #제주도흑돼지맛집 #서귀포맛집#서귀포흑돼지 #서귀포흑돼지맛집 #제주맛집투어#제주가볼만한곳 #제주도가볼만한곳 #제주살이#제주도맛집여행 #제주숙소 #신화월드맛집",2021-08-19,1,,"['#마녀상회', '#아는형님게스트하우스', '#제주여행', '#제주바다', '#제주도여행', '#제주맛집', '#제주도맛집', '#제주맛집추천', '#제주도맛집추천', '#제주흑돼지', '#제주흑돼지맛집', '#제주도흑돼지', '#제주도흑돼지맛집', '#서귀포맛집', '#서귀포흑돼지', '#서귀포흑돼지맛집', '#제주맛집투어', '#제주가볼만한곳', '#제주도가볼만한곳', '#제주살이', '#제주도맛집여행', '#제주숙소', '#신화월드맛집']"
".제주의 밤은 여기서 마무리하기로‼숙박가능한 갬성흑돼지맛집 #마녀상회 ✨⠀비,바람에도 문제없는 야외 흑돼지파티 뿌수고바로 앞 #아는형님게스트하우스 에서 숙박까지!!마당엔 귀욤뽀작 포니2마리와 사진도 찍자노을뷰의 분위기맛집 흑돼지맛집에서 하루 마무리 콜?!⠀@@우리 흑돼지뿌수고 여기서 숙박 ㄱㄱ📍위치 : 서귀포 대정읍 무릉사장로 154📍운영시간 : 16:00-22:00(재료소진시 조기마감)👉🏻 @jeju_masang⠀...#제주여행 #제주바다 #제주도여행#제주맛집 #제주도맛집 #제주맛집추천#제주도맛집추천 #제주흑돼지 #제주흑돼지맛집#제주도흑돼지 #제주도흑돼지맛집 #서귀포맛집#서귀포흑돼지 #서귀포흑돼지맛집 #제주맛집투어#제주가볼만한곳 #제주도가볼만한곳 #제주살이#제주도맛집여행 #제주숙소 #신화월드맛집",2021-08-19,저 좋아요를 눌러보세,,"['#마녀상회', '#아는형님게스트하우스', '#제주여행', '#제주바다', '#제주도여행', '#제주맛집', '#제주도맛집', '#제주맛집추천', '#제주도맛집추천', '#제주흑돼지', '#제주흑돼지맛집', '#제주도흑돼지', '#제주도흑돼지맛집', '#서귀포맛집', '#서귀포흑돼지', '#서귀포흑돼지맛집', '#제주맛집투어', '#제주가볼만한곳', '#제주도가볼만한곳', '#제주살이', '#제주도맛집여행', '#제주숙소', '#신화월드맛집']"
".제주의 밤은 여기서 마무리하기로‼숙박가능한 갬성흑돼지맛집 #마녀상회 ✨⠀비,바람에도 문제없는 야외 흑돼지파티 뿌수고바로 앞 #아는형님게스트하우스 에서 숙박까지!!마당엔 귀욤뽀작 포니2마리와 사진도 찍자노을뷰의 분위기맛집 흑돼지맛집에서 하루 마무리 콜?!⠀@@우리 흑돼지뿌수고 여기서 숙박 ㄱㄱ📍위치 : 서귀포 대정읍 무릉사장로 154📍운영시간 : 16:00-22:00(재료소진시 조기마감)👉🏻 @jeju_masang⠀...#제주여행 #제주바다 #제주도여행#제주맛집 #제주도맛집 #제주맛집추천#제주도맛집추천 #제주흑돼지 #제주흑돼지맛집#제주도흑돼지 #제주도흑돼지맛집 #서귀포맛집#서귀포흑돼지 #서귀포흑돼지맛집 #제주맛집투어#제주가볼만한곳 #제주도가볼만한곳 #제주살이#제주도맛집여행 #제주숙소 #신화월드맛집",2021-08-19,3,,"['#마녀상회', '#아는형님게스트하우스', '#제주여행', '#제주바다', '#제주도여행', '#제주맛집', '#제주도맛집', '#제주맛집추천', '#제주도맛집추천', '#제주흑돼지', '#제주흑돼지맛집', '#제주도흑돼지', '#제주도흑돼지맛집', '#서귀포맛집', '#서귀포흑돼지', '#서귀포흑돼지맛집', '#제주맛집투어', '#제주가볼만한곳', '#제주도가볼만한곳', '#제주살이', '#제주도맛집여행', '#제주숙소', '#신화월드맛집']"
".제주의 밤은 여기서 마무리하기로‼숙박가능한 갬성흑돼지맛집 #마녀상회 ✨⠀비,바람에도 문제없는 야외 흑돼지파티 뿌수고바로 앞 #아는형님게스트하우스 에서 숙박까지!!마당엔 귀욤뽀작 포니2마리와 사진도 찍자노을뷰의 분위기맛집 흑돼지맛집에서 하루 마무리 콜?!⠀@@우리 흑돼지뿌수고 여기서 숙박 ㄱㄱ📍위치 : 서귀포 대정읍 무릉사장로 154📍운영시간 : 16:00-22:00(재료소진시 조기마감)👉🏻 @jeju_masang⠀...#제주여행 #제주바다 #제주도여행#제주맛집 #제주도맛집 #제주맛집추천#제주도맛집추천 #제주흑돼지 #제주흑돼지맛집#제주도흑돼지 #제주도흑돼지맛집 #서귀포맛집#서귀포흑돼지 #서귀포흑돼지맛집 #제주맛집투어#제주가볼만한곳 #제주도가볼만한곳 #제주살이#제주도맛집여행 #제주숙소 #신화월드맛집",2021-08-19,저 좋아요를 눌러보세,,"['#마녀상회', '#아는형님게스트하우스', '#제주여행', '#제주바다', '#제주도여행', '#제주맛집', '#제주도맛집', '#제주맛집추천', '#제주도맛집추천', '#제주흑돼지', '#제주흑돼지맛집', '#제주도흑돼지', '#제주도흑돼지맛집', '#서귀포맛집', '#서귀포흑돼지', '#서귀포흑돼지맛집', '#제주맛집투어', '#제주가볼만한곳', '#제주도가볼만한곳', '#제주살이', '#제주도맛집여행', '#제주숙소', '#신화월드맛집']"
+#인천맛집#수원맛집#홍대맛집#제주도맛집#강남맛집#대구맛집#울산맛집#부산맛집#세종맛집#대전맛집#의정부맛집#구리맛집#일산맛집#건대맛집#남양주맛집#목동맛집#김포맛집#강서구맛집#안양맛집#범계맛집#평촌맛집#군포맛집#광명맛집#용인맛집#평택맛집,2021-08-19,3,,"['#인천맛집', '#수원맛집', '#홍대맛집', '#제주도맛집', '#강남맛집', '#대구맛집', '#울산맛집', '#부산맛집', '#세종맛집', '#대전맛집', '#의정부맛집', '#구리맛집', '#일산맛집', '#건대맛집', '#남양주맛집', '#목동맛집', '#김포맛집', '#강서구맛집', '#안양맛집', '#범계맛집', '#평촌맛집', '#군포맛집', '#광명맛집', '#용인맛집', '#평택맛집']"
".제주의 밤은 여기서 마무리하기로‼숙박가능한 갬성흑돼지맛집 #마녀상회 ✨⠀비,바람에도 문제없는 야외 흑돼지파티 뿌수고바로 앞 #아는형님게스트하우스 에서 숙박까지!!마당엔 귀욤뽀작 포니2마리와 사진도 찍자노을뷰의 분위기맛집 흑돼지맛집에서 하루 마무리 콜?!⠀@@우리 흑돼지뿌수고 여기서 숙박 ㄱㄱ📍위치 : 서귀포 대정읍 무릉사장로 154📍운영시간 : 16:00-22:00(재료소진시 조기마감)👉🏻 @jeju_masang⠀...#제주여행 #제주바다 #제주도여행#제주맛집 #제주도맛집 #제주맛집추천#제주도맛집추천 #제주흑돼지 #제주흑돼지맛집#제주도흑돼지 #제주도흑돼지맛집 #서귀포맛집#서귀포흑돼지 #서귀포흑돼지맛집 #제주맛집투어#제주가볼만한곳 #제주도가볼만한곳 #제주살이#제주도맛집여행 #제주숙소 #신화월드맛집",2021-08-19,저 좋아요를 눌러보세,,"['#마녀상회', '#아는형님게스트하우스', '#제주여행', '#제주바다', '#제주도여행', '#제주맛집', '#제주도맛집', '#제주맛집추천', '#제주도맛집추천', '#제주흑돼지', '#제주흑돼지맛집', '#제주도흑돼지', '#제주도흑돼지맛집', '#서귀포맛집', '#서귀포흑돼지', '#서귀포흑돼지맛집', '#제주맛집투어', '#제주가볼만한곳', '#제주도가볼만한곳', '#제주살이', '#제주도맛집여행', '#제주숙소', '#신화월드맛집']"
⠀⠀⠀⠀ˏ 𓏧 𓏲 𓏲 𓏲 𓋒 𓏲 𓏲 𓏲 𓏲 𓏧 ˎ⠀𝙋𝙧𝙚𝙢𝙞𝙪𝙢 𝙦𝙪𝙖𝙡𝙞𝙩𝙮𝙍𝙐𝘾𝙄𝙀𝙇𝙈𝘼𝙇𝙇🏷⠀⠀🍃 더 많은 상품은 상단 링크에카테고리별로 나뉘어져있습니다 :)⠀ˏ 𓏧 𓏲 𓏲 𓏲 𓋒 𓏲 𓏲 𓏲 𓏲 𓏧 ˎ⠀𝙠𝙖𝙠𝙖𝙤𝙩𝙖𝙡𝙠 ㅡ❥𝙗𝙞𝙗𝙞𝙮𝙖77⠀카톡 친추 또는 플필상단 링크로사진첨부 후 문의부탁드려요 ꈍᴗꈍ⠀⠀모든상품 색상별 사이즈별모두 구매가능합니다 🙆 ♀️피드에 없는 상품도 구매가능해용 ❥･•⠀⠀╔═══════ -ˋˏ *.·:·.⟐.·:·.* ˎˊ- ═══════╗⠀⠀❥･• DM / 댓글은 확인못합니다 ㅠㅠ❥･• 현금 / 카드결제 무이자 가능❥･• 1차 2차 철저한 검수진행필수!❥･• 검수사진 또는 검수영상 전달 후 출고❥･• 배송기간은 출고 후 2-3주 소요❥･• 수령할때까지 배송상시체크 후 안내❥･• 모든제품 풀박스 구성⠀⠀╚═══════ -ˋˏ *.·:·.⟐.·:·.* ˎˊ- ═══════╝⠀⠀⠀이미 한번 구매하신 언니들은소개도 많이 해주시공몇년째 쭉- 한결같이 이용중인언니들이 많은 루시엘몰이에요 'ڡ'४⠀⠀퀄리티는 당연히 인정이죠 ✌수령할때까지 딱!딱! 배송체크해주니깐안심하고 맘편히 받아보세용 ⑉♥⠀⠀정품퀄리티로 이젠 당당하게 사용하세요 'ڡ'४문의는 프로필 상단 링크로 문의주세욥⑉♥⠀⠀⠀⠀,2021-08-19,3,,[]
".제주의 밤은 여기서 마무리하기로‼숙박가능한 갬성흑돼지맛집 #마녀상회 ✨⠀비,바람에도 문제없는 야외 흑돼지파티 뿌수고바로 앞 #아는형님게스트하우스 에서 숙박까지!!마당엔 귀욤뽀작 포니2마리와 사진도 찍자노을뷰의 분위기맛집 흑돼지맛집에서 하루 마무리 콜?!⠀@@우리 흑돼지뿌수고 여기서 숙박 ㄱㄱ📍위치 : 서귀포 대정읍 무릉사장로 154📍운영시간 : 16:00-22:00(재료소진시 조기마감)👉🏻 @jeju_masang⠀...#제주여행 #제주바다 #제주도여행#제주맛집 #제주도맛집 #제주맛집추천#제주도맛집추천 #제주흑돼지 #제주흑돼지맛집#제주도흑돼지 #제주도흑돼지맛집 #서귀포맛집#서귀포흑돼지 #서귀포흑돼지맛집 #제주맛집투어#제주가볼만한곳 #제주도가볼만한곳 #제주살이#제주도맛집여행 #제주숙소 #신화월드맛집",2021-08-19,저 좋아요를 눌러보세,,"['#마녀상회', '#아는형님게스트하우스', '#제주여행', '#제주바다', '#제주도여행', '#제주맛집', '#제주도맛집', '#제주맛집추천', '#제주도맛집추천', '#제주흑돼지', '#제주흑돼지맛집', '#제주도흑돼지', '#제주도흑돼지맛집', '#서귀포맛집', '#서귀포흑돼지', '#서귀포흑돼지맛집', '#제주맛집투어', '#제주가볼만한곳', '#제주도가볼만한곳', '#제주살이', '#제주도맛집여행', '#제주숙소', '#신화월드맛집']"
제주바다의 바다냄새바다소리바다바람코앞이 바다인 사일리커피파라솔밑 에서 커피한잔 어떠신가요?❤️.🤍 사일리 카페 마스크 착용 안내 🤍저희 매장에서 는 코로나 19 감염 예방을 위해 마스크 착용을 권장하며 마스크 미착용시 출입이 불가할 수 있습니다!더욱 더 안전한 서비스 제공을 위함이니 많은 양해 부탁드립니다 :)우리 모두 힘을 내서 코로나 19 이겨내요! 감사합니다. 좋은 여행 되세요 🤍정기휴무일둘째 주 / 넷째 주 (수요일) 정기 휴무일입니다. 🚗 제주특별자치도 서귀포시 최남단 해안로412Open 10:00 ~ Closed 21:00📞 010-9904-3382👉#사일리커피 .#모슬포카페 #모슬포맛집 #모슬포 #대정맛집 #대정 #대정카페 #송악산카페 #송악산맛집 #제주 #제주도 #제주도여행 #제주맛집 #제주도맛집 #제주여행 #제주카페 #제주카페추천 #제주카페투어 #서귀포맛집 #서귀포카페 #제주도카페 #제주도카페추천 #오션뷰 #해안도로카페 #제주해안도로 #제주해안도로카페 #제주가볼만한곳 #제주애견동반 #산방산 #가파도,2021-08-19,12,,"['#사일리커피', '#모슬포카페', '#모슬포맛집', '#모슬포', '#대정맛집', '#대정', '#대정카페', '#송악산카페', '#송악산맛집', '#제주', '#제주도', '#제주도여행', '#제주맛집', '#제주도맛집', '#제주여행', '#제주카페', '#제주카페추천', '#제주카페투어', '#서귀포맛집', '#서귀포카페', '#제주도카페', '#제주도카페추천', '#오션뷰', '#해안도로카페', '#제주해안도로', '#제주해안도로카페', '#제주가볼만한곳', '#제주애견동반', '#산방산', '#가파도']"
".제주의 밤은 여기서 마무리하기로‼숙박가능한 갬성흑돼지맛집 #마녀상회 ✨⠀비,바람에도 문제없는 야외 흑돼지파티 뿌수고바로 앞 #아는형님게스트하우스 에서 숙박까지!!마당엔 귀욤뽀작 포니2마리와 사진도 찍자노을뷰의 분위기맛집 흑돼지맛집에서 하루 마무리 콜?!⠀@@우리 흑돼지뿌수고 여기서 숙박 ㄱㄱ📍위치 : 서귀포 대정읍 무릉사장로 154📍운영시간 : 16:00-22:00(재료소진시 조기마감)👉🏻 @jeju_masang⠀...#제주여행 #제주바다 #제주도여행#제주맛집 #제주도맛집 #제주맛집추천#제주도맛집추천 #제주흑돼지 #제주흑돼지맛집#제주도흑돼지 #제주도흑돼지맛집 #서귀포맛집#서귀포흑돼지 #서귀포흑돼지맛집 #제주맛집투어#제주가볼만한곳 #제주도가볼만한곳 #제주살이#제주도맛집여행 #제주숙소 #신화월드맛집",2021-08-19,2,,"['#마녀상회', '#아는형님게스트하우스', '#제주여행', '#제주바다', '#제주도여행', '#제주맛집', '#제주도맛집', '#제주맛집추천', '#제주도맛집추천', '#제주흑돼지', '#제주흑돼지맛집', '#제주도흑돼지', '#제주도흑돼지맛집', '#서귀포맛집', '#서귀포흑돼지', '#서귀포흑돼지맛집', '#제주맛집투어', '#제주가볼만한곳', '#제주도가볼만한곳', '#제주살이', '#제주도맛집여행', '#제주숙소', '#신화월드맛집']"
".제주의 밤은 여기서 마무리하기로‼숙박가능한 갬성흑돼지맛집 #마녀상회 ✨⠀비,바람에도 문제없는 야외 흑돼지파티 뿌수고바로 앞 #아는형님게스트하우스 에서 숙박까지!!마당엔 귀욤뽀작 포니2마리와 사진도 찍자노을뷰의 분위기맛집 흑돼지맛집에서 하루 마무리 콜?!⠀@@우리 흑돼지뿌수고 여기서 숙박 ㄱㄱ📍위치 : 서귀포 대정읍 무릉사장로 154📍운영시간 : 16:00-22:00(재료소진시 조기마감)👉🏻 @jeju_masang⠀...#제주여행 #제주바다 #제주도여행#제주맛집 #제주도맛집 #제주맛집추천#제주도맛집추천 #제주흑돼지 #제주흑돼지맛집#제주도흑돼지 #제주도흑돼지맛집 #서귀포맛집#서귀포흑돼지 #서귀포흑돼지맛집 #제주맛집투어#제주가볼만한곳 #제주도가볼만한곳 #제주살이#제주도맛집여행 #제주숙소 #신화월드맛집",2021-08-19,저 좋아요를 눌러보세,,"['#마녀상회', '#아는형님게스트하우스', '#제주여행', '#제주바다', '#제주도여행', '#제주맛집', '#제주도맛집', '#제주맛집추천', '#제주도맛집추천', '#제주흑돼지', '#제주흑돼지맛집', '#제주도흑돼지', '#제주도흑돼지맛집', '#서귀포맛집', '#서귀포흑돼지', '#서귀포흑돼지맛집', '#제주맛집투어', '#제주가볼만한곳', '#제주도가볼만한곳', '#제주살이', '#제주도맛집여행', '#제주숙소', '#신화월드맛집']"
".제주의 밤은 여기서 마무리하기로‼숙박가능한 갬성흑돼지맛집 #마녀상회 ✨⠀비,바람에도 문제없는 야외 흑돼지파티 뿌수고바로 앞 #아는형님게스트하우스 에서 숙박까지!!마당엔 귀욤뽀작 포니2마리와 사진도 찍자노을뷰의 분위기맛집 흑돼지맛집에서 하루 마무리 콜?!⠀@@우리 흑돼지뿌수고 여기서 숙박 ㄱㄱ📍위치 : 서귀포 대정읍 무릉사장로 154📍운영시간 : 16:00-22:00(재료소진시 조기마감)👉🏻 @jeju_masang⠀...#제주여행 #제주바다 #제주도여행#제주맛집 #제주도맛집 #제주맛집추천#제주도맛집추천 #제주흑돼지 #제주흑돼지맛집#제주도흑돼지 #제주도흑돼지맛집 #서귀포맛집#서귀포흑돼지 #서귀포흑돼지맛집 #제주맛집투어#제주가볼만한곳 #제주도가볼만한곳 #제주살이#제주도맛집여행 #제주숙소 #신화월드맛집",2021-08-19,3,,"['#마녀상회', '#아는형님게스트하우스', '#제주여행', '#제주바다', '#제주도여행', '#제주맛집', '#제주도맛집', '#제주맛집추천', '#제주도맛집추천', '#제주흑돼지', '#제주흑돼지맛집', '#제주도흑돼지', '#제주도흑돼지맛집', '#서귀포맛집', '#서귀포흑돼지', '#서귀포흑돼지맛집', '#제주맛집투어', '#제주가볼만한곳', '#제주도가볼만한곳', '#제주살이', '#제주도맛집여행', '#제주숙소', '#신화월드맛집']"
"☀제주의 멋과 맛을 모두 즐기시고 싶다면➩✨제주여행의 후회없는 선택➀제주공항 근처 바닷가 바로 앞 풍경맛집➁해녀가 직접 채집하는제주보말, 제주돼지, 제주비트를 재료로 하는 건강맛집 [한라진칼국수]입니다.✅OPEN 9:00✅CLOSE 16:00✅매주 월요일 정기휴무✈제주시 테우해안로32☏TEL 064.711.8525#한라진칼국수 #제주맛집 #제주맛집추천 #제주도맛집 #제주도맛집추천 #제주공항맛집 #제주공항근처맛집 #보말칼국수 #보말칼국수맛집 #제주보말칼국수 #제주보말칼국수맛집 #돔베고기 #제주가족여행 #제주데이트 #제주점심 #제주도민맛집 #이호테우해변맛집 #애월맛집 #애월해안도로맛집 #제주오션뷰맛집 #함덕맛집 #성산일출봉맛집 #협재맛집 #곽지맛집 #한담맛집 #한림맛집 #제주도여행 #제주여행 #제주핫플 #제주아침식사",2021-08-19,저 좋아요를 눌러보세,,"['#한라진칼국수', '#제주맛집', '#제주맛집추천', '#제주도맛집', '#제주도맛집추천', '#제주공항맛집', '#제주공항근처맛집', '#보말칼국수', '#보말칼국수맛집', '#제주보말칼국수', '#제주보말칼국수맛집', '#돔베고기', '#제주가족여행', '#제주데이트', '#제주점심', '#제주도민맛집', '#이호테우해변맛집', '#애월맛집', '#애월해안도로맛집', '#제주오션뷰맛집', '#함덕맛집', '#성산일출봉맛집', '#협재맛집', '#곽지맛집', '#한담맛집', '#한림맛집', '#제주도여행', '#제주여행', '#제주핫플', '#제주아침식사']"
진심 함덕왔는데 이집 안들리면 밥5!#대촌회미락제주시 조천읍 조함해안로 482-1....#제주도맛집 #제주맛집 #제주함덕맛집 #제주횟집 #제주도횟집 #함덕횟집대촌회미락#제주도민맛집 #제주도도민맛집 #제주여행코스 #서귀포가볼만한곳 #서귀포여행 #서귀포맛집 #제주시맛집,2021-08-19,저 좋아요를 눌러보세,,"['#대촌회미락제주시', '#제주도맛집', '#제주맛집', '#제주함덕맛집', '#제주횟집', '#제주도횟집', '#함덕횟집대촌회미락', '#제주도민맛집', '#제주도도민맛집', '#제주여행코스', '#서귀포가볼만한곳', '#서귀포여행', '#서귀포맛집', '#제주시맛집']"
".제주의 밤은 여기서 마무리하기로‼숙박가능한 갬성흑돼지맛집 #마녀상회 ✨⠀비,바람에도 문제없는 야외 흑돼지파티 뿌수고바로 앞 #아는형님게스트하우스 에서 숙박까지!!마당엔 귀욤뽀작 포니2마리와 사진도 찍자노을뷰의 분위기맛집 흑돼지맛집에서 하루 마무리 콜?!⠀@@우리 흑돼지뿌수고 여기서 숙박 ㄱㄱ📍위치 : 서귀포 대정읍 무릉사장로 154📍운영시간 : 16:00-22:00(재료소진시 조기마감)👉🏻 @jeju_masang⠀...#제주여행 #제주바다 #제주도여행#제주맛집 #제주도맛집 #제주맛집추천#제주도맛집추천 #제주흑돼지 #제주흑돼지맛집#제주도흑돼지 #제주도흑돼지맛집 #서귀포맛집#서귀포흑돼지 #서귀포흑돼지맛집 #제주맛집투어#제주가볼만한곳 #제주도가볼만한곳 #제주살이#제주도맛집여행 #제주숙소",2021-08-19,1,,"['#마녀상회', '#아는형님게스트하우스', '#제주여행', '#제주바다', '#제주도여행', '#제주맛집', '#제주도맛집', '#제주맛집추천', '#제주도맛집추천', '#제주흑돼지', '#제주흑돼지맛집', '#제주도흑돼지', '#제주도흑돼지맛집', '#서귀포맛집', '#서귀포흑돼지', '#서귀포흑돼지맛집', '#제주맛집투어', '#제주가볼만한곳', '#제주도가볼만한곳', '#제주살이', '#제주도맛집여행', '#제주숙소']"
".제주의 밤은 여기서 마무리하기로‼숙박가능한 갬성흑돼지맛집 #마녀상회 ✨⠀비,바람에도 문제없는 야외 흑돼지파티 뿌수고바로 앞 #아는형님게스트하우스 에서 숙박까지!!마당엔 귀욤뽀작 포니2마리와 사진도 찍자노을뷰의 분위기맛집 흑돼지맛집에서 하루 마무리 콜?!⠀@@우리 흑돼지뿌수고 여기서 숙박 ㄱㄱ📍위치 : 서귀포 대정읍 무릉사장로 154📍운영시간 : 16:00-22:00(재료소진시 조기마감)👉🏻 @jeju_masang⠀...#제주여행 #제주바다 #제주도여행#제주맛집 #제주도맛집 #제주맛집추천#제주도맛집추천 #제주흑돼지 #제주흑돼지맛집#제주도흑돼지 #제주도흑돼지맛집 #서귀포맛집#서귀포흑돼지 #서귀포흑돼지맛집 #제주맛집투어#제주가볼만한곳 #제주도가볼만한곳 #제주살이#제주도맛집여행 #제주숙소",2021-08-19,1,,"['#마녀상회', '#아는형님게스트하우스', '#제주여행', '#제주바다', '#제주도여행', '#제주맛집', '#제주도맛집', '#제주맛집추천', '#제주도맛집추천', '#제주흑돼지', '#제주흑돼지맛집', '#제주도흑돼지', '#제주도흑돼지맛집', '#서귀포맛집', '#서귀포흑돼지', '#서귀포흑돼지맛집', '#제주맛집투어', '#제주가볼만한곳', '#제주도가볼만한곳', '#제주살이', '#제주도맛집여행', '#제주숙소']"
".제주의 밤은 여기서 마무리하기로‼숙박가능한 갬성흑돼지맛집 #마녀상회 ✨⠀비,바람에도 문제없는 야외 흑돼지파티 뿌수고바로 앞 #아는형님게스트하우스 에서 숙박까지!!마당엔 귀욤뽀작 포니2마리와 사진도 찍자노을뷰의 분위기맛집 흑돼지맛집에서 하루 마무리 콜?!⠀@@우리 흑돼지뿌수고 여기서 숙박 ㄱㄱ📍위치 : 서귀포 대정읍 무릉사장로 154📍운영시간 : 16:00-22:00(재료소진시 조기마감)👉🏻 @jeju_masang⠀...#제주여행 #제주바다 #제주도여행#제주맛집 #제주도맛집 #제주맛집추천#제주도맛집추천 #제주흑돼지 #제주흑돼지맛집#제주도흑돼지 #제주도흑돼지맛집 #서귀포맛집#서귀포흑돼지 #서귀포흑돼지맛집 #제주맛집투어#제주가볼만한곳 #제주도가볼만한곳 #제주살이#제주도맛집여행 #제주숙소",2021-08-19,2,,"['#마녀상회', '#아는형님게스트하우스', '#제주여행', '#제주바다', '#제주도여행', '#제주맛집', '#제주도맛집', '#제주맛집추천', '#제주도맛집추천', '#제주흑돼지', '#제주흑돼지맛집', '#제주도흑돼지', '#제주도흑돼지맛집', '#서귀포맛집', '#서귀포흑돼지', '#서귀포흑돼지맛집', '#제주맛집투어', '#제주가볼만한곳', '#제주도가볼만한곳', '#제주살이', '#제주도맛집여행', '#제주숙소']"
210812~210814 IN JEJU🏝⠀⠀졸리고 피곤한 와중에도 먹을건 다 먹고 다님😋⠀⠀#제주도 #제주도여행 #제주도맛집 #백리향 #고기국수 #흑돼지 #숙성도 #동문야시장 #은희네해장국 #김만복김밥 #갈비짬뽕 #갈치찜 #애월하미 #대게 #덕제주담다,2021-08-19,6,,"['#제주도', '#제주도여행', '#제주도맛집', '#백리향', '#고기국수', '#흑돼지', '#숙성도', '#동문야시장', '#은희네해장국', '#김만복김밥', '#갈비짬뽕', '#갈치찜', '#애월하미', '#대게', '#덕제주담다']"
"🌱 #오설록 우리들의 행복한시간어머님과 제주여행 ,,어머님이 사주신 귤모자 취향저격🧡#여행기록 #가족여행 #제주여행 #녹차밭",2021-08-19,29,,"['#오설록', '#여행기록', '#가족여행', '#제주여행', '#녹차밭']"
제주 인생밥집⠀⠀⠀⠀⠀⠀⠀⠀⠀⠀⠀⠀⠀⠀⠀⠀⠀🕚 OPEN - 11:00⠀⠀⠀⠀⠀⠀⠀⠀⠀⠀⠀⠀🕕 CLOSED - 17:00⠀⠀⠀⠀⠀⠀⠀⠀⠀⠀⠀⠀⠀⠀⠀⠀⠀브레이크타임 없어요.⠀⠀⠀⠀⠀⠀⠀⠀⠀⠀⠀⠀⠀⠀⠀⠀⠀예약은 받지 않고 오시는 순서대로 식사가능 하세요.⠀⠀⠀⠀⠀⠀⠀⠀⠀⠀⠀⠀⠀⠀⠀⠀⠀싱싱한 해물과 신선한 야채로 그날 준비한 재료가 소진되면 조기마감 합니다. ⠀⠀⠀⠀⠀⠀⠀⠀⠀⠀⠀⠀⠀⠀⠀⠀⠀⠀⠀⠀⠀⠀⠀⠀⠀⠀⠀⠀⠀⠀⠀⠀⠀⠀🥣전복해물볶음밥 / 전복물회 / 전복딱새우장 정식⠀⠀⠀⠀⠀⠀⠀⠀⠀⠀⠀⠀⠀⠀⠀⠀⠀사는게니나노 ~ ♬인생밥집 010-6501-5073주소는 제주시 한림읍 문교길6 ..⠀⠀⠀⠀⠀⠀⠀⠀⠀⠀⠀⠀⠀⠀⠀⠀⠀🅿️ 무료 공영 주차장 위치!! .⠀⠀⠀⠀⠀⠀⠀⠀⠀⠀⠀⠀⠀⠀⠀⠀⠀🚗 제주시 한림읍 한림리 1197-4🚘 제주시 한림읍 한림리 1198-3🚙 제주시 한림읍 한림리 943-9.걸어서 2분이내 거리에요~♡♡#제주#제주도#jeju#제주살이#제주맛집#제주도맛집#한림맛집#애월맛집#대전맛집 #중문맛집#산방산맛집#월정리#신화월드맛집#제주신혼여행#협재해수욕장근처맛집#협재해변#금능해수욕장#좋아요#일상#일상스타그램#먹스타그램#맛스타그램 #전복장 #딱새우장#제주가족여행 #제주우정여행 #제주혼밥 #협재혼밥,2021-08-19,1,,"['#제주', '#제주도', '#jeju', '#제주살이', '#제주맛집', '#제주도맛집', '#한림맛집', '#애월맛집', '#대전맛집', '#중문맛집', '#산방산맛집', '#월정리', '#신화월드맛집', '#제주신혼여행', '#협재해수욕장근처맛집', '#협재해변', '#금능해수욕장', '#좋아요', '#일상', '#일상스타그램', '#먹스타그램', '#맛스타그램', '#전복장', '#딱새우장', '#제주가족여행', '#제주우정여행', '#제주혼밥', '#협재혼밥']"
애월 로드129성게크림파스타흑돼지 멘치카츠흑돼지 치즈돈까스흑돼지 고구마치즈돈까스흑돼지 수제돈까스해물야끼소바재료소진시 조기마감전메뉴 포장가능#애월맛집#제주맛집#애월읍맛집#애월항맛집#제주애월점심#애월맛집추천#제주애월맛집#애월점심추천#애월밥집#제주현지인맛집#제주도민추천맛집#제주도현지인맛집#도민맛집#제주혼밥#제주시맛집#제주도맛집#금능맛집#한림맛집#협재맛집#협재해수욕장맛집#곽지해수욕장맛집#더럭분교맛집#애월해안도로#제주서쪽맛집#애월데이트코스#새별오름#애월카페,2021-08-19,저 좋아요를 눌러보세,,"['#애월맛집', '#제주맛집', '#애월읍맛집', '#애월항맛집', '#제주애월점심', '#애월맛집추천', '#제주애월맛집', '#애월점심추천', '#애월밥집', '#제주현지인맛집', '#제주도민추천맛집', '#제주도현지인맛집', '#도민맛집', '#제주혼밥', '#제주시맛집', '#제주도맛집', '#금능맛집', '#한림맛집', '#협재맛집', '#협재해수욕장맛집', '#곽지해수욕장맛집', '#더럭분교맛집', '#애월해안도로', '#제주서쪽맛집', '#애월데이트코스', '#새별오름', '#애월카페']"
날씨도 맑고 기분도 맑은 ☀️,2021-08-19,56,,[]
♥.😘 😆😘 ♥쩔어.얍😘.😘😚.#밥상 #역삼동맛집 #맛집 #침샘어택 #부산시청맛집 #꽃스타그램 #제주도맛집 #창원맛집 #먹방시작 #맛있는 #신사역맛집 #인계동맛집 #우도맛집 #선릉맛집 #성산맛집 #애월맛집 #황리단길맛집 #성산일출봉,2021-08-19,0,,"['#밥상', '#역삼동맛집', '#맛집', '#침샘어택', '#부산시청맛집', '#꽃스타그램', '#제주도맛집', '#창원맛집', '#먹방시작', '#맛있는', '#신사역맛집', '#인계동맛집', '#우도맛집', '#선릉맛집', '#성산맛집', '#애월맛집', '#황리단길맛집', '#성산일출봉']"
해산물도 라면도 너무 쥬아😛#단데이,2021-08-19,36,,['#단데이']
크으…서피비치 분위기는 정말…👍🏻맥주 한잔했어야했는데 아쉽구망🌊💙🌴,2021-08-19,74,,[]
#제주도#제주도맛집#제주도술집#제주시청술집#숙성회#제주도민#제주살이#제주맛집#제주도숙성회맛집#제주도로컬맛집#제주도도민맛집#이도이동#이도이동맛집#맞팔#선팔#제주일기일회#일기일회#제주시청배달#배달의민족#제주도회배달,2021-08-19,7,,"['#제주도', '#제주도맛집', '#제주도술집', '#제주시청술집', '#숙성회', '#제주도민', '#제주살이', '#제주맛집', '#제주도숙성회맛집', '#제주도로컬맛집', '#제주도도민맛집', '#이도이동', '#이도이동맛집', '#맞팔', '#선팔', '#제주일기일회', '#일기일회', '#제주시청배달', '#배달의민족', '#제주도회배달']"
#제주도#제주도맛집#제주도술집#제주시청술집#숙성회#제주도민#제주살이#제주맛집#제주도숙성회맛집#제주도로컬맛집#제주도도민맛집#이도이동#이도이동맛집#맞팔#선팔#제주일기일회#일기일회#제주시청배달#배달의민족#제주도회배달,2021-08-19,11,,"['#제주도', '#제주도맛집', '#제주도술집', '#제주시청술집', '#숙성회', '#제주도민', '#제주살이', '#제주맛집', '#제주도숙성회맛집', '#제주도로컬맛집', '#제주도도민맛집', '#이도이동', '#이도이동맛집', '#맞팔', '#선팔', '#제주일기일회', '#일기일회', '#제주시청배달', '#배달의민족', '#제주도회배달']"
"'#비오제주 -8월 19일 목요일, 열어두었습니다.👾 제주시 애월읍 금성5길 39, 2층 노란문✔️ 영업시간_ 13:00 - 22:00(식사 18시 이후)✔️ 화요일 off✔️ 문의, 예약_ DM, 네이버 '비오제주'",2021-08-19,14,,['#비오제주']
건강한 한끼를 책임집니다집에서 간단하고 가볍게 즐기고 싶으시면 플레이트 어떠신가요 ?맛도 양도 푸짐 !항상 신선한 재료만 고집하는 마농 !배달어플을 통해 주문가능합니다 ^^-제주 제주시 우평로 45-1 바인빌딩 2층-영업시간 11:30 - 21:00-☎064-745-1166#마농 #마농제주 #제주마농 #제주맛집 #제주도맛집 #제주공항근처맛집 #제주여행맛집 #신제주맛집 #노형동맛집 #도평동맛집 #외도맛집 #제주배달맛집 #제주배달 #제주배달음식 #제주도시락 #제주도시락맛집 #맛집스타그램 #맛스타그램 #분위기 #분위기맛집 #마농제주본점,2021-08-19,1,,"['#마농', '#마농제주', '#제주마농', '#제주맛집', '#제주도맛집', '#제주공항근처맛집', '#제주여행맛집', '#신제주맛집', '#노형동맛집', '#도평동맛집', '#외도맛집', '#제주배달맛집', '#제주배달', '#제주배달음식', '#제주도시락', '#제주도시락맛집', '#맛집스타그램', '#맛스타그램', '#분위기', '#분위기맛집', '#마농제주본점']"
매년 함께하는 여름제주- ♥ ◠‿◠ ....#제주#제주도#제주도여행#제주여행#제주도맛집#애월#삼양#일상#데일리#제주가볼만한곳#셀카#팔로우#맞팔#림림#rimrim#jeju#jejudo#jejutravel#photo#daily#instagood#likeforfollow#like4like#instadaily#instalike#followforfollow#f4f#fff#f4ff#f4like,2021-08-19,25,,"['#제주', '#제주도', '#제주도여행', '#제주여행', '#제주도맛집', '#애월', '#삼양', '#일상', '#데일리', '#제주가볼만한곳', '#셀카', '#팔로우', '#맞팔', '#림림', '#rimrim', '#jeju', '#jejudo', '#jejutravel', '#photo', '#daily', '#instagood', '#likeforfollow', '#like4like', '#instadaily', '#instalike', '#followforfollow', '#f4f', '#fff', '#f4ff', '#f4like']"
쫄깃쫄깃 육즙 가득한 흑돼지 먹깅 ~~ 오늘도 음식 초이스 굿 ~#제주도맛집꺼멍연탄구이#제주도맛집 #신화월드맛집 #오설록맛집 #카멜리아힐맛집 #한경면맛집 #제주도흑돼지맛집 #송악산맛집 #산방산맛집 #오설록티뮤지엄 #제주신화월드메리어트 #제주신화월드 #제주도현지인맛집 #제주현지인맛집 #제주도가볼만한곳 #제주도여행 #저지리맛집,2021-08-19,저 좋아요를 눌러보세,,"['#제주도맛집꺼멍연탄구이', '#제주도맛집', '#신화월드맛집', '#오설록맛집', '#카멜리아힐맛집', '#한경면맛집', '#제주도흑돼지맛집', '#송악산맛집', '#산방산맛집', '#오설록티뮤지엄', '#제주신화월드메리어트', '#제주신화월드', '#제주도현지인맛집', '#제주현지인맛집', '#제주도가볼만한곳', '#제주도여행', '#저지리맛집']"
#배달의민족#일식#연어한판,2021-08-19,18,,"['#배달의민족', '#일식', '#연어한판']"
"피드에 없는 제품 가능합니다부업도 준비중이니 문의주세요 (부업, 창업)......#천안맛집 #아산 #서울카페 #제주도맛집 #인천 #제주도 #롤 #부산 #부산맛집 #대구 #대구맛집 #경기도 #분당 #화성맛집 #행궁동카페 #수원맛집 #수원 #광명맛집 #부산여행 #이태원 #을지로 #전주맛집 #전주한옥마을 #광주카페 #광주맛집 #동명동 #상무지구 #기장 #천안 #아산",2021-08-19,2,,"['#천안맛집', '#아산', '#서울카페', '#제주도맛집', '#인천', '#제주도', '#롤', '#부산', '#부산맛집', '#대구', '#대구맛집', '#경기도', '#분당', '#화성맛집', '#행궁동카페', '#수원맛집', '#수원', '#광명맛집', '#부산여행', '#이태원', '#을지로', '#전주맛집', '#전주한옥마을', '#광주카페', '#광주맛집', '#동명동', '#상무지구', '#기장', '#천안', '#아산']"
.탁 트인 월정 바다 뷰를 볼 수 있는 야외 테라스와 옥상 빈백 정원 🐬곳곳에 있는 월정 바다를 배경으로 인생샷 포인트뿐만 아니라!달달한 수제 마카롱과 시그니처 음료까지!월정리 카페 콧수염에서 제주도 분위기를 만끽해보세요 ☀️🌊🌈제주시 구좌읍 해맞이해안로 406 카페콧수염070-4131-8880방문해주신 모든 분들께 감사드립니다매일 모든 메뉴 sold-out 되므로 선착순 판매합니다.#서귀포카페 #제주월정리 #공항근처맛집 #월정리 #구좌읍 #제주월정리카페 #제주도기념품 #제주동쪽카페 #월정리해수욕장 #월정리카페콧수염 #구좌읍맛집 #제주도맛집 #제주도마카롱 #제주도카페 #서귀포맛집 #월정리맛집 #성산일출봉맛집 #제주피크닉 #함덕카페 #제주맛집 #월정리카페 #제주도선물 #제주도여행 #제주시카페 #제주카페투어 #월정리콧수염 #애월맛집 #제주카페 #제주 #제주도,2021-08-19,저 좋아요를 눌러보세,,"['#서귀포카페', '#제주월정리', '#공항근처맛집', '#월정리', '#구좌읍', '#제주월정리카페', '#제주도기념품', '#제주동쪽카페', '#월정리해수욕장', '#월정리카페콧수염', '#구좌읍맛집', '#제주도맛집', '#제주도마카롱', '#제주도카페', '#서귀포맛집', '#월정리맛집', '#성산일출봉맛집', '#제주피크닉', '#함덕카페', '#제주맛집', '#월정리카페', '#제주도선물', '#제주도여행', '#제주시카페', '#제주카페투어', '#월정리콧수염', '#애월맛집', '#제주카페', '#제주', '#제주도']"
"❤참여방법❤① @clean_n_media 팔로우② 본 피드에 '신청합니다' 댓글![댓글 작성시, 친구태그 부탁드려요]▶업체정보 : A1062▶업체위치 : 제주시 삼도이동▶모집기간 : 8월 19일 ~ 8월 25일▶당첨발표 : 8월 26일▶체험기간 : 8월 26일 ~ 9월 9일▶제공내역 : 2만원 식사권 (2인 기준)-------------------------------------★ 가이드라인 받은후 14일 이내에 체험후 후기링크 전송!★ 간단하게 신청해서 편하게 방문하는 체험단!★ 자주 이용한 체험단은 당첨확률 UP!UP!★ DM으로 이름과 연락처를 남겨주시면 빠른절차진행!★ 체험 후 후기글 업로드할 때 clean_n_media 태그!★ 필수 해시태그는 당첨자 발표와 함께 공지합니다! #체험단모집 #체험단 #체험단이벤트 #체험단모집중 #체험단신청 #체험단후기 #체험단모집이벤트 #인스타체험단 #인스타체험단모집 #인스타체험단이벤트 #인스타그램체험단 #인스타그램체험단모집 #클린앤미디어 #체험 #리뷰 #리뷰이벤트",2021-08-19,8,,"['#체험단모집', '#체험단', '#체험단이벤트', '#체험단모집중', '#체험단신청', '#체험단후기', '#체험단모집이벤트', '#인스타체험단', '#인스타체험단모집', '#인스타체험단이벤트', '#인스타그램체험단', '#인스타그램체험단모집', '#클린앤미디어', '#체험', '#리뷰', '#리뷰이벤트']"
"😋호스트분이 추천해주신 현지맛집 #우굼톳 베이스에 해산물이 가득 들어간 바릇국수와🦐전복, 전복내장, 성게가 들어간 전복장비빔밥🦪재료 너무 신선하고 다 처음 먹어보는 맛들로먹는 순간 바다가 한 입에 들어온다🌊💙📌 너무 맛있어서 부모님도 모시고 갈 예정✔️금,토,일,월만 오픈✔️수저도 뜨겁게 소독해주신걸 보니 더 신뢰가 가요",2021-08-19,19,,['#우굼톳']
"협찬제주 대표 썬셋 맛집 ""랍스터빈""주소 : 제주시 애월읍 애월해안로 752전화 : 064-743-1979영업 : 오전11시~밤10시 연중무휴포장ㆍ배달 환영제주애월맛집💘 랍스터빈#애월맛집 #애월카페 #애월읍맛집 #제주애월맛집 #제주도맛집 #제주맛집 #제주도카페 #제주카페 #외도맛집 #하귀맛집 #한림맛집 #한림카페#애월해안도로맛집 #애월가볼만한곳 #제주공항맛집 #제주공항근처맛집 #제주 #제주도여행",2021-08-19,0,,"['#애월맛집', '#애월카페', '#애월읍맛집', '#제주애월맛집', '#제주도맛집', '#제주맛집', '#제주도카페', '#제주카페', '#외도맛집', '#하귀맛집', '#한림맛집', '#한림카페', '#애월해안도로맛집', '#애월가볼만한곳', '#제주공항맛집', '#제주공항근처맛집', '#제주', '#제주도여행']"
"렐레펑 신메뉴 #소라얌운센 입니다. 현재 제주 뿔소라는 금어기 라고 하네요! 자연과 함께 공생하며 살아야 하는 것이 얼마나 중요한지 코로나19시대에 다시금 깨닳게 됩니다. 해산물과 함께 요리하는 얌운센을 소라와 요리해 보았습니다. 소라의 쫄깃한 식감과 얌운센 멍빈누들과 샐러리의 아삭한 식감이 정말 집나간 입맛도 돌아오게 합니다.🍾렐레펑 한 섹션에 바틀샾 섹션을 만들어 와인 및 기타 즐길것들을 포장 판매 하려고 합니다. 술은 취하도록 먹는게 아니라, 음미하는 또 다른 요리라는 생각으로 매장을 운영해 나가 보겠습니다.예약문의 받습니다.금일 15:00시 오픈합니다!⛈번개 조심하세요!🇹🇭요리주점 오픈 15:00-22:00 (브레이크 없음)🥂하우스와인 7,000원->5,000원 할인 이벤트 진행합니다. 음료수 만큼 부담없이 즐기실 수 있습니다! 제주 토속 허벅술, 오메기술을 비롯한 연태고량주와 생맥주, 와인, 네츄럴와인 등 다양한 종류의 주류가 준비되어 있습니다. 🍜전메뉴 포장 가능! (10% DC)___________🌊18일 수요일부터 👉6시 전 4인까지 OK!👉6시 이후로 2인 테이블만 받도록 하겠습니다. (가족관계 증명서 지참 시 예외의 경우 허용)협조 부탁드립니다!___________- 예약문의 070-7807-3350- 위치 : 월정1길 17 1층🙏 ขอบคุณครับ | Thank you#제주도맛집 #제주도포장음식 #제주도태국음식 #제주태국음식 #월정리맛집 #월정리해변 #월정리가볼만한곳 #제주도동쪽여행 #제주신상맛집 #제주도테크아웃 #월정리신상맛집 #제주요리주점 #성산맛집 #구좌읍맛집 #구좌맛집 #구좌술집 #jejudo #월정리포장음식 #평대포장맛집 #월정리신상맛집 #제주와인바틀샵 #제주신상맛집 #제주네츄럴와인 #네츄럴와인페어링 #제주미식여행",2021-08-19,15,,"['#소라얌운센', '#제주도맛집', '#제주도포장음식', '#제주도태국음식', '#제주태국음식', '#월정리맛집', '#월정리해변', '#월정리가볼만한곳', '#제주도동쪽여행', '#제주신상맛집', '#제주도테크아웃', '#월정리신상맛집', '#제주요리주점', '#성산맛집', '#구좌읍맛집', '#구좌맛집', '#구좌술집', '#jejudo', '#월정리포장음식', '#평대포장맛집', '#월정리신상맛집', '#제주와인바틀샵', '#제주신상맛집', '#제주네츄럴와인', '#네츄럴와인페어링', '#제주미식여행']"
제주도에서만 즐길수있는 수제버거 관자스테이크버거 고단백 저칼로리 제주 버거요 미친선셋은 덤입니다,2021-08-19,0,,[]
#압구정로데오맛집 #서면맛집 #안주빨 #셀카 #맛집탐헝 #존맛개맛 #영대맛집 #맛집인정 #런치 #바다 #논현동맛집 #먹는다 #제주도맛집 #요리하는아빠 #성산일출봉 #애월맛집 #성산맛집 #황리단길맛집,2021-08-19,1,,"['#압구정로데오맛집', '#서면맛집', '#안주빨', '#셀카', '#맛집탐헝', '#존맛개맛', '#영대맛집', '#맛집인정', '#런치', '#바다', '#논현동맛집', '#먹는다', '#제주도맛집', '#요리하는아빠', '#성산일출봉', '#애월맛집', '#성산맛집', '#황리단길맛집']"
"#오픈인스타.효과와 가격으로 말합니다.국내 최저가 가격 역대급 품질 서비스인스타,페이스북,페이스북,틱톡 모든 서비스 가능.◈한국인 실유저/ 외국인 실유저 원하는 서비스 모두세팅◈인기게시물/자동좋아요/솔루션 모두가능.◈24시간 셀프 자동사이트◈재능사이트 최우수상 경력◈재구매율 70달성.◈카카오채널 @오픈인스타◈네이버 ""오픈인스타""검색.#강남역맛집 #홍대맛집 #경주맛집 #제주도맛집 #건대맛집#부평맛집 #속초맛집 #강릉맛집#주안맛집#부천맛집#구월동맛집#부천카페#건대카페#좋아요 #좋아요반사",2021-08-19,2,,"['#오픈인스타.효과와', '#강남역맛집', '#홍대맛집', '#경주맛집', '#제주도맛집', '#건대맛집', '#부평맛집', '#속초맛집', '#강릉맛집', '#주안맛집', '#부천맛집', '#구월동맛집', '#부천카페', '#건대카페', '#좋아요', '#좋아요반사']"
제주도에 이런 클럽이 있다니 처음 알았어요#픽미펍클럽#제주도클럽#제주클럽#월정리클럽#제주도술집#월정리술집#제주도술집#제주도펍#제주펍#월정리펍#월정리맛집#제주월정리맛집#제주도맛집#제주맛집#제주도술집픽미펍클럽,2021-08-19,1,,"['#픽미펍클럽', '#제주도클럽', '#제주클럽', '#월정리클럽', '#제주도술집', '#월정리술집', '#제주도술집', '#제주도펍', '#제주펍', '#월정리펍', '#월정리맛집', '#제주월정리맛집', '#제주도맛집', '#제주맛집', '#제주도술집픽미펍클럽']"
.빵수니 빵도리들을 위한 <제주 빵지순례 모음! >맛있고 가볼만한 빵집들을 모아봤어 :)저장 해뒀다가 꼭 한번 들러보기!함께 하고픈 빵 러버들 소환@..#제주맛집 #제주도맛집 #제주공항근처맛집 #제주시맛집 #애월맛집 #중문맛집 #제주공항맛집 #서귀포맛집 #산방산맛집 #신제주맛집 #제주시청맛집 #제주애월맛집 #월정리맛집 #제주여행 #제주핫플,2021-08-19,205,,"['#제주맛집', '#제주도맛집', '#제주공항근처맛집', '#제주시맛집', '#애월맛집', '#중문맛집', '#제주공항맛집', '#서귀포맛집', '#산방산맛집', '#신제주맛집', '#제주시청맛집', '#제주애월맛집', '#월정리맛집', '#제주여행', '#제주핫플']"
.빵수니 빵도리들을 위한 <제주 빵지순례 모음! >맛있고 가볼만한 빵집들을 모아봤어 :)저장 해뒀다가 꼭 한번 들러보기!함께 하고픈 빵 러버들 소환@..#제주맛집 #제주도맛집 #제주공항근처맛집 #제주시맛집 #애월맛집 #중문맛집 #제주공항맛집 #서귀포맛집 #산방산맛집 #신제주맛집 #제주시청맛집 #제주애월맛집 #월정리맛집 #제주여행 #제주핫플,2021-08-19,478,,"['#제주맛집', '#제주도맛집', '#제주공항근처맛집', '#제주시맛집', '#애월맛집', '#중문맛집', '#제주공항맛집', '#서귀포맛집', '#산방산맛집', '#신제주맛집', '#제주시청맛집', '#제주애월맛집', '#월정리맛집', '#제주여행', '#제주핫플']"
.빵수니 빵도리들을 위한 <제주 빵지순례 모음! >맛있고 가볼만한 빵집들을 모아봤어 :)저장 해뒀다가 꼭 한번 들러보기!함께 하고픈 빵 러버들 소환@..#제주맛집 #제주도맛집 #제주공항근처맛집 #제주시맛집 #애월맛집 #중문맛집 #제주공항맛집 #서귀포맛집 #산방산맛집 #신제주맛집 #제주시청맛집 #제주애월맛집 #월정리맛집 #제주여행 #제주핫플,2021-08-19,732,,"['#제주맛집', '#제주도맛집', '#제주공항근처맛집', '#제주시맛집', '#애월맛집', '#중문맛집', '#제주공항맛집', '#서귀포맛집', '#산방산맛집', '#신제주맛집', '#제주시청맛집', '#제주애월맛집', '#월정리맛집', '#제주여행', '#제주핫플']"
좋은 사진 고마워🥺🥺,2021-08-17,422,,[]
좋아하는 오전시간#제주도카페 #제주도커피#제주도맛집 #제주도카페추천#제주도커피추천 #제주도민맛집#제주도맛집추천 #제주도브런치#제주도베이커리 #제주도디저트#제주도호텔 #제주도아이랑,2021-08-13,40,,"['#제주도카페', '#제주도커피', '#제주도맛집', '#제주도카페추천', '#제주도커피추천', '#제주도민맛집', '#제주도맛집추천', '#제주도브런치', '#제주도베이커리', '#제주도디저트', '#제주도호텔', '#제주도아이랑']"
셀카찍어 올리던 시절로돌아가고 싶다 ㅋ ㅋ ㅋ 찍어주세요 말할 때도 어색하고찍어 주는 사람도 어색하고카메라 줄때도 어색하고받을 때도 어색하고결과물도 어색하고 ㅋㅋ 모두가 어색함남이 찍어주는 사진은거짓이 없네 ㅋ ㅋ ㅋ 두께보소#제주도카페 #제주도커피#제주도맛집 #제주도카페추천#제주도커피추천 #제주도민맛집#제주도맛집추천 #제주도브런치#제주도베이커리 #제주도디저트#제주도호텔 #제주도아이랑,2021-08-12,98,,"['#제주도카페', '#제주도커피', '#제주도맛집', '#제주도카페추천', '#제주도커피추천', '#제주도민맛집', '#제주도맛집추천', '#제주도브런치', '#제주도베이커리', '#제주도디저트', '#제주도호텔', '#제주도아이랑']"
더운 날씨 적당히 좋은데가족들이 다 극혐함#제주도카페 #제주도커피#제주도맛집 #제주도카페추천#제주도커피추천 #제주도민맛집#제주도맛집추천 #제주도브런치#제주도베이커리 #제주도디저트#제주도호텔 #제주도아이랑#벨진밧,2021-08-12,44,,"['#제주도카페', '#제주도커피', '#제주도맛집', '#제주도카페추천', '#제주도커피추천', '#제주도민맛집', '#제주도맛집추천', '#제주도브런치', '#제주도베이커리', '#제주도디저트', '#제주도호텔', '#제주도아이랑', '#벨진밧']"
일단 좀 알아봐야겠다#오하효#제주도카페 #제주도커피#제주도맛집 #제주도카페추천#제주도커피추천 #제주도민맛집#제주도맛집추천 #제주도브런치#제주도베이커리 #제주도디저트#제주도호텔 #제주도아이랑,2021-08-10,46,,"['#오하효', '#제주도카페', '#제주도커피', '#제주도맛집', '#제주도카페추천', '#제주도커피추천', '#제주도민맛집', '#제주도맛집추천', '#제주도브런치', '#제주도베이커리', '#제주도디저트', '#제주도호텔', '#제주도아이랑']"
하악지친다10분동안 엄마몇번 부르는지세어볼까. . .#제주도카페 #제주도커피#제주도맛집 #제주도카페추천#제주도커피추천 #제주도민맛집#제주도맛집추천 #제주도브런치#제주도베이커리 #제주도디저트#제주도호텔 #제주도아이랑#카페진정성제주,2021-08-08,61,,"['#제주도카페', '#제주도커피', '#제주도맛집', '#제주도카페추천', '#제주도커피추천', '#제주도민맛집', '#제주도맛집추천', '#제주도브런치', '#제주도베이커리', '#제주도디저트', '#제주도호텔', '#제주도아이랑', '#카페진정성제주']"
"일주일 휴가 얻은것 : 추억, 이야기, 말레이어록, 카드값폭탄, 육아에너지,빨래, 전기세뱃살, 체지방, 체중기미, 주름,잃은 것 : 젊음, 근육,운동의욕, 복근, 통장#제주도카페 #제주도커피#제주도맛집 #제주도카페추천#제주도커피추천 #제주도민맛집#제주도맛집추천 #제주도브런치#제주도베이커리 #제주도디저트#제주도호텔 #제주도아이랑#오하효",2021-08-06,46,,"['#제주도카페', '#제주도커피', '#제주도맛집', '#제주도카페추천', '#제주도커피추천', '#제주도민맛집', '#제주도맛집추천', '#제주도브런치', '#제주도베이커리', '#제주도디저트', '#제주도호텔', '#제주도아이랑', '#오하효']"
제주공항 근처라 떠나기 전에 들렸던 곳인데 기대 이상의 고기국수 ㄷㄷ#먹돌주소: 제주 제주시 월성로 26...#제주도맛집 #제주맛집 #제주공항근처맛집 #제주도여행 #제주도고기국수 #제주도고기국수클라스#제주국수 #제주여행 #제주가볼만한곳 #제주도가볼만한곳 #제주도먹방 #제주도 #제주 #제주도카페 #제주카페,2021-08-19,216,,"['#먹돌주소:', '#제주도맛집', '#제주맛집', '#제주공항근처맛집', '#제주도여행', '#제주도고기국수', '#제주도고기국수클라스', '#제주국수', '#제주여행', '#제주가볼만한곳', '#제주도가볼만한곳', '#제주도먹방', '#제주도', '#제주', '#제주도카페', '#제주카페']"
애월 로드129성게크림파스타흑돼지 멘치카츠흑돼지 치즈돈까스흑돼지 고구마치즈돈까스흑돼지 수제돈까스해물야끼소바재료소진시 조기마감전메뉴 포장가능#애월맛집#제주맛집#애월읍맛집#애월항맛집#제주애월점심#애월맛집추천#제주애월맛집#애월점심추천#애월밥집#제주현지인맛집#제주도민추천맛집#제주도현지인맛집#도민맛집#제주혼밥#제주시맛집#제주도맛집#금능맛집#한림맛집#협재맛집#협재해수욕장맛집#곽지해수욕장맛집#더럭분교맛집#애월해안도로#제주서쪽맛집#애월데이트코스#새별오름#애월카페,2021-08-19,저 좋아요를 눌러보세,,"['#애월맛집', '#제주맛집', '#애월읍맛집', '#애월항맛집', '#제주애월점심', '#애월맛집추천', '#제주애월맛집', '#애월점심추천', '#애월밥집', '#제주현지인맛집', '#제주도민추천맛집', '#제주도현지인맛집', '#도민맛집', '#제주혼밥', '#제주시맛집', '#제주도맛집', '#금능맛집', '#한림맛집', '#협재맛집', '#협재해수욕장맛집', '#곽지해수욕장맛집', '#더럭분교맛집', '#애월해안도로', '#제주서쪽맛집', '#애월데이트코스', '#새별오름', '#애월카페']"
😘.😘 😘😆 ♥ㅎㅎㅎ.오키: ).: )♥.#맛난것 #집밥이최고 #안양맛집 #청담맛집 #신사역맛집 #수성구맛집 #홍대맛집 #방배동맛집 #반반 #범계맛집 #화장품추천 #아점저 #점심밥상 #인하대맛집 #제주도맛집 #장산맛집 #목포맛집 #먹는게남는거다 #양산맛집 #성산일출봉 #애월맛집 #황리단길맛집 #성산맛집,2021-08-19,0,,"['#맛난것', '#집밥이최고', '#안양맛집', '#청담맛집', '#신사역맛집', '#수성구맛집', '#홍대맛집', '#방배동맛집', '#반반', '#범계맛집', '#화장품추천', '#아점저', '#점심밥상', '#인하대맛집', '#제주도맛집', '#장산맛집', '#목포맛집', '#먹는게남는거다', '#양산맛집', '#성산일출봉', '#애월맛집', '#황리단길맛집', '#성산맛집']"
제주의 저녁 🌱🌿잔잔하고 조용한 자연의 소리가 좋아,2021-08-19,0,,[]
해녀가 잡은 신선한 해산물‼제주도 필수코스ㅠ말모 무조건 맛있음❤ 🔥⠀@@여기 안가면손해🤙🏻🤙🏻⠀⠀📍제주 제주시 한림읍 한림로 326 제주바다해찬📍10:00 - 22:00📍064-796-6261⠀⠀⠀#협재맛집 #애월가볼만한곳 #협재가볼만한곳 #한림가볼만한곳#협재맛집추천 #한림맛집#애월맛집추천 #한림맛집추천 #애월밥집 #협재밥집 #한림밥집#협재데이트코스 #한림데이트코스#협재해산물 #협재전복 #협재전복맛집 #제주전복#제주도맛집 #중문맛집😎😍🤣⠀⠀⠀😁⠀⠀🤣😎😍🤣🤣⠀⠀⠀⠀⠀⠀⠀⠀⠀⠀⠀⠀⠀⠀⠀⠀⠀⠀⠀⠀⠀⠀⠀⠀⠀⠀⠀⠀⠀⠀⠀⠀⠀⠀⠀⠀⠀⠀⠀⠀⠀⠀⠀⠀⠀⠀⠀⠀⠀⠀⠀⠀⠀⠀⠀⠀⠀⠀⠀⠀⠀⠀⠀⠀⠀⠀⠀⠀⠀⠀⠀⠀⠀⠀⠀⠀⠀⠀⠀⠀⠀⠀⠀⠀⠀⠀⠀⠀⠀⠀⠀⠀⠀⠀⠀⠀⠀⠀⠀,2021-08-19,0,,"['#협재맛집', '#애월가볼만한곳', '#협재가볼만한곳', '#한림가볼만한곳', '#협재맛집추천', '#한림맛집', '#애월맛집추천', '#한림맛집추천', '#애월밥집', '#협재밥집', '#한림밥집', '#협재데이트코스', '#한림데이트코스', '#협재해산물', '#협재전복', '#협재전복맛집', '#제주전복', '#제주도맛집', '#중문맛집😎😍🤣⠀⠀⠀😁⠀⠀🤣😎😍🤣🤣⠀⠀⠀⠀⠀⠀⠀⠀⠀⠀⠀⠀⠀⠀⠀⠀⠀⠀⠀⠀⠀⠀⠀⠀⠀⠀⠀⠀⠀⠀⠀⠀⠀⠀⠀⠀⠀⠀⠀⠀⠀⠀⠀⠀⠀⠀⠀⠀⠀⠀⠀⠀⠀⠀⠀⠀⠀⠀⠀⠀⠀⠀⠀⠀⠀⠀⠀⠀⠀⠀⠀⠀⠀⠀⠀⠀⠀⠀⠀⠀⠀⠀⠀⠀⠀⠀⠀⠀⠀⠀⠀⠀⠀⠀⠀⠀⠀⠀⠀']"
해녀가 잡은 신선한 해산물‼제주도 필수코스ㅠ말모 무조건 맛있음❤ 🔥⠀@@여기 안가면손해🤙🏻🤙🏻⠀⠀📍제주 제주시 한림읍 한림로 326 제주바다해찬📍10:00 - 22:00📍064-796-6261⠀⠀⠀#협재맛집 #애월가볼만한곳 #협재가볼만한곳 #한림가볼만한곳#협재맛집추천 #한림맛집#애월맛집추천 #한림맛집추천 #애월밥집 #협재밥집 #한림밥집#협재데이트코스 #한림데이트코스#협재해산물 #협재전복 #협재전복맛집 #제주전복#제주도맛집 #중문맛집😎⠀⠀⠀😁😋😁⠀⠀⠀😁😎😎😍⠀⠀⠀⠀⠀⠀⠀⠀⠀⠀⠀⠀⠀⠀⠀⠀⠀⠀⠀⠀⠀⠀⠀⠀⠀⠀⠀⠀⠀⠀⠀⠀⠀⠀⠀⠀⠀⠀⠀⠀⠀⠀⠀⠀⠀⠀⠀⠀⠀⠀⠀⠀⠀⠀⠀⠀⠀⠀⠀⠀⠀⠀⠀⠀⠀⠀⠀⠀⠀⠀⠀⠀⠀⠀⠀⠀⠀⠀⠀⠀⠀⠀⠀⠀⠀⠀⠀⠀⠀⠀⠀⠀⠀⠀⠀⠀⠀⠀⠀⠀⠀⠀⠀⠀,2021-08-19,0,,"['#협재맛집', '#애월가볼만한곳', '#협재가볼만한곳', '#한림가볼만한곳', '#협재맛집추천', '#한림맛집', '#애월맛집추천', '#한림맛집추천', '#애월밥집', '#협재밥집', '#한림밥집', '#협재데이트코스', '#한림데이트코스', '#협재해산물', '#협재전복', '#협재전복맛집', '#제주전복', '#제주도맛집', '#중문맛집😎⠀⠀⠀😁😋😁⠀⠀⠀😁😎😎😍⠀⠀⠀⠀⠀⠀⠀⠀⠀⠀⠀⠀⠀⠀⠀⠀⠀⠀⠀⠀⠀⠀⠀⠀⠀⠀⠀⠀⠀⠀⠀⠀⠀⠀⠀⠀⠀⠀⠀⠀⠀⠀⠀⠀⠀⠀⠀⠀⠀⠀⠀⠀⠀⠀⠀⠀⠀⠀⠀⠀⠀⠀⠀⠀⠀⠀⠀⠀⠀⠀⠀⠀⠀⠀⠀⠀⠀⠀⠀⠀⠀⠀⠀⠀⠀⠀⠀⠀⠀⠀⠀⠀⠀⠀⠀⠀⠀⠀⠀⠀⠀⠀⠀⠀']"
⠀한입만 먹어도 인생맛집 등극❤️ 🔥비주얼부터 갓벽이라구‼️제주가면 필수로ㄲㄲ⠀@@메모해〰️⠀📍제주 제주시 애월읍 애월로 129 로드129📍11:00 - 20:00⠀#애월맛집 #애월맛집추천 #애월밥집 #애월돈까스 #애월데이트코스 #제주도오름#애월핫플 #애월핫플레이스 #제주도돈까스 #애월가볼만한곳 #새별오름#제주도핫플레이스 #돈까스 #돈까스맛집⠀⠀⠀⠀#제주도맛집 #중문맛집😁⠀⠀😍😋😋😋😍😎😎⠀🤣⠀⠀⠀⠀⠀⠀⠀⠀⠀⠀⠀⠀⠀⠀⠀⠀⠀⠀⠀⠀⠀⠀⠀⠀⠀⠀⠀⠀⠀⠀⠀⠀⠀⠀⠀⠀⠀⠀⠀⠀⠀⠀⠀⠀⠀⠀⠀⠀⠀⠀⠀⠀⠀⠀⠀⠀⠀⠀⠀⠀⠀⠀⠀⠀⠀⠀⠀⠀⠀⠀⠀⠀⠀⠀⠀⠀⠀⠀⠀⠀⠀⠀⠀⠀⠀⠀⠀⠀⠀⠀⠀⠀⠀⠀⠀⠀⠀⠀⠀⠀⠀⠀⠀⠀⠀⠀⠀⠀⠀,2021-08-19,0,,"['#애월맛집', '#애월맛집추천', '#애월밥집', '#애월돈까스', '#애월데이트코스', '#제주도오름', '#애월핫플', '#애월핫플레이스', '#제주도돈까스', '#애월가볼만한곳', '#새별오름', '#제주도핫플레이스', '#돈까스', '#돈까스맛집⠀⠀⠀⠀', '#제주도맛집', '#중문맛집😁⠀⠀😍😋😋😋😍😎😎⠀🤣⠀⠀⠀⠀⠀⠀⠀⠀⠀⠀⠀⠀⠀⠀⠀⠀⠀⠀⠀⠀⠀⠀⠀⠀⠀⠀⠀⠀⠀⠀⠀⠀⠀⠀⠀⠀⠀⠀⠀⠀⠀⠀⠀⠀⠀⠀⠀⠀⠀⠀⠀⠀⠀⠀⠀⠀⠀⠀⠀⠀⠀⠀⠀⠀⠀⠀⠀⠀⠀⠀⠀⠀⠀⠀⠀⠀⠀⠀⠀⠀⠀⠀⠀⠀⠀⠀⠀⠀⠀⠀⠀⠀⠀⠀⠀⠀⠀⠀⠀⠀⠀⠀⠀⠀⠀⠀⠀⠀⠀']"
제주 역대급 돈까스맛집🍴뭐든 푸짐푸짐한거ㅇㅈ?쩝쩝박사님들ㄲㄲ⠀@@내최애는 고구마치즈돈까스💛⠀📍제주 제주시 애월읍 애월로 129 로드129📍11:00 - 20:00⠀#애월맛집 #애월맛집추천 #애월밥집 #애월돈까스 #애월데이트코스#애월핫플 #애월핫플레이스 #제주도돈까스 #애월가볼만한곳 #새별오름 #제주도핫플레이스 #돈까스 #돈까스맛집 #제주도오름⠀⠀⠀⠀#제주도맛집 #중문맛집😍😋⠀⠀⠀😎⠀⠀⠀😋⠀😍⠀⠀⠀🤣⠀⠀⠀⠀⠀⠀⠀⠀⠀⠀⠀⠀⠀⠀⠀⠀⠀⠀⠀⠀⠀⠀⠀⠀⠀⠀⠀⠀⠀⠀⠀⠀⠀⠀⠀⠀⠀⠀⠀⠀⠀⠀⠀⠀⠀⠀⠀⠀⠀⠀⠀⠀⠀⠀⠀⠀⠀⠀⠀⠀⠀⠀⠀⠀⠀⠀⠀⠀⠀⠀⠀⠀⠀⠀⠀⠀⠀⠀⠀⠀⠀⠀⠀⠀⠀⠀⠀⠀⠀⠀⠀⠀⠀⠀⠀⠀⠀⠀⠀⠀⠀,2021-08-19,0,,"['#애월맛집', '#애월맛집추천', '#애월밥집', '#애월돈까스', '#애월데이트코스', '#애월핫플', '#애월핫플레이스', '#제주도돈까스', '#애월가볼만한곳', '#새별오름', '#제주도핫플레이스', '#돈까스', '#돈까스맛집', '#제주도오름⠀⠀⠀⠀', '#제주도맛집', '#중문맛집😍😋⠀⠀⠀😎⠀⠀⠀😋⠀😍⠀⠀⠀🤣⠀⠀⠀⠀⠀⠀⠀⠀⠀⠀⠀⠀⠀⠀⠀⠀⠀⠀⠀⠀⠀⠀⠀⠀⠀⠀⠀⠀⠀⠀⠀⠀⠀⠀⠀⠀⠀⠀⠀⠀⠀⠀⠀⠀⠀⠀⠀⠀⠀⠀⠀⠀⠀⠀⠀⠀⠀⠀⠀⠀⠀⠀⠀⠀⠀⠀⠀⠀⠀⠀⠀⠀⠀⠀⠀⠀⠀⠀⠀⠀⠀⠀⠀⠀⠀⠀⠀⠀⠀⠀⠀⠀⠀⠀⠀⠀⠀⠀⠀⠀⠀']"
⠀한입만 먹어도 인생맛집 등극❤️ 🔥비주얼부터 갓벽이라구‼️제주가면 필수로ㄲㄲ⠀@@메모해〰️⠀📍제주 제주시 애월읍 애월로 129 로드129📍11:00 - 20:00⠀#애월맛집 #애월맛집추천 #애월밥집 #애월돈까스 #애월데이트코스 #제주도오름#애월핫플 #애월핫플레이스 #제주도돈까스 #애월가볼만한곳 #새별오름#제주도핫플레이스 #돈까스 #돈까스맛집⠀⠀⠀⠀#제주도맛집 #중문맛집😋🤣🤣⠀⠀😁😍🤣⠀⠀⠀😁🤣😎⠀⠀⠀⠀⠀⠀⠀⠀⠀⠀⠀⠀⠀⠀⠀⠀⠀⠀⠀⠀⠀⠀⠀⠀⠀⠀⠀⠀⠀⠀⠀⠀⠀⠀⠀⠀⠀⠀⠀⠀⠀⠀⠀⠀⠀⠀⠀⠀⠀⠀⠀⠀⠀⠀⠀⠀⠀⠀⠀⠀⠀⠀⠀⠀⠀⠀⠀⠀⠀⠀⠀⠀⠀⠀⠀⠀⠀⠀⠀⠀⠀⠀⠀⠀⠀⠀⠀⠀⠀⠀⠀⠀⠀⠀⠀⠀⠀⠀⠀,2021-08-19,0,,"['#애월맛집', '#애월맛집추천', '#애월밥집', '#애월돈까스', '#애월데이트코스', '#제주도오름', '#애월핫플', '#애월핫플레이스', '#제주도돈까스', '#애월가볼만한곳', '#새별오름', '#제주도핫플레이스', '#돈까스', '#돈까스맛집⠀⠀⠀⠀', '#제주도맛집', '#중문맛집😋🤣🤣⠀⠀😁😍🤣⠀⠀⠀😁🤣😎⠀⠀⠀⠀⠀⠀⠀⠀⠀⠀⠀⠀⠀⠀⠀⠀⠀⠀⠀⠀⠀⠀⠀⠀⠀⠀⠀⠀⠀⠀⠀⠀⠀⠀⠀⠀⠀⠀⠀⠀⠀⠀⠀⠀⠀⠀⠀⠀⠀⠀⠀⠀⠀⠀⠀⠀⠀⠀⠀⠀⠀⠀⠀⠀⠀⠀⠀⠀⠀⠀⠀⠀⠀⠀⠀⠀⠀⠀⠀⠀⠀⠀⠀⠀⠀⠀⠀⠀⠀⠀⠀⠀⠀⠀⠀⠀⠀⠀⠀']"
제주 역대급 돈까스맛집🍴뭐든 푸짐푸짐한거ㅇㅈ?쩝쩝박사님들ㄲㄲ⠀@@내최애는 고구마치즈돈까스💛⠀📍제주 제주시 애월읍 애월로 129 로드129📍11:00 - 20:00⠀#애월맛집 #애월맛집추천 #애월밥집 #애월돈까스 #애월데이트코스#애월핫플 #애월핫플레이스 #제주도돈까스 #애월가볼만한곳 #새별오름 #제주도핫플레이스 #돈까스 #돈까스맛집 #제주도오름⠀⠀⠀⠀#제주도맛집 #중문맛집😁⠀⠀😋😍🤣😎⠀⠀⠀🤣😁😎⠀⠀⠀⠀⠀⠀⠀⠀⠀⠀⠀⠀⠀⠀⠀⠀⠀⠀⠀⠀⠀⠀⠀⠀⠀⠀⠀⠀⠀⠀⠀⠀⠀⠀⠀⠀⠀⠀⠀⠀⠀⠀⠀⠀⠀⠀⠀⠀⠀⠀⠀⠀⠀⠀⠀⠀⠀⠀⠀⠀⠀⠀⠀⠀⠀⠀⠀⠀⠀⠀⠀⠀⠀⠀⠀⠀⠀⠀⠀⠀⠀⠀⠀⠀⠀⠀⠀⠀⠀⠀⠀⠀⠀⠀⠀⠀⠀⠀⠀⠀,2021-08-19,0,,"['#애월맛집', '#애월맛집추천', '#애월밥집', '#애월돈까스', '#애월데이트코스', '#애월핫플', '#애월핫플레이스', '#제주도돈까스', '#애월가볼만한곳', '#새별오름', '#제주도핫플레이스', '#돈까스', '#돈까스맛집', '#제주도오름⠀⠀⠀⠀', '#제주도맛집', '#중문맛집😁⠀⠀😋😍🤣😎⠀⠀⠀🤣😁😎⠀⠀⠀⠀⠀⠀⠀⠀⠀⠀⠀⠀⠀⠀⠀⠀⠀⠀⠀⠀⠀⠀⠀⠀⠀⠀⠀⠀⠀⠀⠀⠀⠀⠀⠀⠀⠀⠀⠀⠀⠀⠀⠀⠀⠀⠀⠀⠀⠀⠀⠀⠀⠀⠀⠀⠀⠀⠀⠀⠀⠀⠀⠀⠀⠀⠀⠀⠀⠀⠀⠀⠀⠀⠀⠀⠀⠀⠀⠀⠀⠀⠀⠀⠀⠀⠀⠀⠀⠀⠀⠀⠀⠀⠀⠀⠀⠀⠀⠀⠀']"
흑돼지는 정직한돈‼매일먹어도 먹고싶은내최애맛집 제발머겅❤ 🔥⠀@@오늘갈랭?🤭⠀⠀#애월맛집 #협재맛집 #한림맛집#애월흑돼지 #협재흑돼지 #한림흑돼지#애월흑돼지맛집 #협재흑돼지맛집 #한림흑돼지맛집#제주협재맛집 #제주한림맛집#협재해수욕장맛집 #제주흑돼지맛집 #제주흑돼지맛집추천 #제주흑돼지 #제주도흑돼지 #제주흑돼지맛집 #제주도흑돼지맛집#제주도맛집 #중문맛집⠀⠀⠀⠀⠀⠀🤣😋😍⠀⠀😎😍⠀⠀😋⠀⠀⠀⠀⠀⠀⠀⠀⠀⠀⠀⠀⠀⠀⠀⠀⠀⠀⠀⠀⠀⠀⠀⠀⠀⠀⠀⠀⠀⠀⠀⠀⠀⠀⠀⠀⠀⠀⠀⠀⠀⠀⠀⠀⠀⠀⠀⠀⠀⠀⠀⠀⠀⠀⠀⠀⠀⠀⠀⠀⠀⠀⠀⠀⠀⠀⠀⠀⠀⠀⠀⠀⠀⠀⠀⠀⠀⠀⠀⠀⠀⠀⠀⠀⠀⠀⠀⠀,2021-08-19,0,,"['#애월맛집', '#협재맛집', '#한림맛집', '#애월흑돼지', '#협재흑돼지', '#한림흑돼지', '#애월흑돼지맛집', '#협재흑돼지맛집', '#한림흑돼지맛집', '#제주협재맛집', '#제주한림맛집', '#협재해수욕장맛집', '#제주흑돼지맛집', '#제주흑돼지맛집추천', '#제주흑돼지', '#제주도흑돼지', '#제주흑돼지맛집', '#제주도흑돼지맛집', '#제주도맛집', '#중문맛집⠀⠀⠀⠀⠀⠀🤣😋😍⠀⠀😎😍⠀⠀😋⠀⠀⠀⠀⠀⠀⠀⠀⠀⠀⠀⠀⠀⠀⠀⠀⠀⠀⠀⠀⠀⠀⠀⠀⠀⠀⠀⠀⠀⠀⠀⠀⠀⠀⠀⠀⠀⠀⠀⠀⠀⠀⠀⠀⠀⠀⠀⠀⠀⠀⠀⠀⠀⠀⠀⠀⠀⠀⠀⠀⠀⠀⠀⠀⠀⠀⠀⠀⠀⠀⠀⠀⠀⠀⠀⠀⠀⠀⠀⠀⠀⠀⠀⠀⠀⠀⠀⠀']"
신혼여행 1일차😍생각해보니 결혼식 관련해서 아무것도 안올렸넹..누가보면 결혼식 못한줄알겠다 ㅋㅋㅋ👉 비행기안에서 촵!!👉 빨리 먹고싶은 때지 팔짱 킬포👉 고기집에있는 애기포니🐎👉 때지는 쏘쥬 나는 사이다...결국 신혼여행은 먹부림으로 변했다🤟#제주도 #신혼여행 #3개월지났지만 #올린당 #지난신혼여행 #낭만없음 #먹부림 #먹고자고 #반복함 #신혼여행끝나고 #5키로찜 #남편은 #술먹고 #운전은 #내가 #마녀상회 #존맛 #제주도맛집 #포니도있어요 #신혼이지만 #낭만은개뿔 #개나주세요🐶,2021-08-19,23,,"['#제주도', '#신혼여행', '#3개월지났지만', '#올린당', '#지난신혼여행', '#낭만없음', '#먹부림', '#먹고자고', '#반복함', '#신혼여행끝나고', '#5키로찜', '#남편은', '#술먹고', '#운전은', '#내가', '#마녀상회', '#존맛', '#제주도맛집', '#포니도있어요', '#신혼이지만', '#낭만은개뿔', '#개나주세요🐶']"
육즙대잔치라는  정직한돈👏🏻셀럽들이 인정하는곳이래안가면 손해👏🏻👏🏻👏🏻⠀@@메모해🥰⠀⠀⠀#애월맛집 #협재맛집 #한림맛집#애월흑돼지 #협재흑돼지 #한림흑돼지#애월흑돼지맛집 #협재흑돼지맛집 #한림흑돼지맛집#제주협재맛집 #제주한림맛집#협재해수욕장맛집 #제주흑돼지맛집 #제주흑돼지맛집추천 #제주흑돼지 #제주도흑돼지 #제주흑돼지맛집 #제주도흑돼지맛집#제주도맛집 #중문맛집⠀⠀⠀⠀⠀⠀⠀⠀⠀⠀😎😎⠀⠀⠀😍⠀⠀⠀😁⠀⠀⠀⠀⠀⠀⠀⠀⠀⠀⠀⠀⠀⠀⠀⠀⠀⠀⠀⠀⠀⠀⠀⠀⠀⠀⠀⠀⠀⠀⠀⠀⠀⠀⠀⠀⠀⠀⠀⠀⠀⠀⠀⠀⠀⠀⠀⠀⠀⠀⠀⠀⠀⠀⠀⠀⠀⠀⠀⠀⠀⠀⠀⠀⠀⠀⠀⠀⠀⠀⠀⠀⠀⠀⠀⠀⠀⠀⠀⠀⠀⠀⠀⠀⠀⠀⠀⠀⠀⠀⠀⠀⠀⠀⠀⠀⠀⠀⠀⠀,2021-08-19,0,,"['#애월맛집', '#협재맛집', '#한림맛집', '#애월흑돼지', '#협재흑돼지', '#한림흑돼지', '#애월흑돼지맛집', '#협재흑돼지맛집', '#한림흑돼지맛집', '#제주협재맛집', '#제주한림맛집', '#협재해수욕장맛집', '#제주흑돼지맛집', '#제주흑돼지맛집추천', '#제주흑돼지', '#제주도흑돼지', '#제주흑돼지맛집', '#제주도흑돼지맛집', '#제주도맛집', '#중문맛집⠀⠀⠀⠀⠀⠀⠀⠀⠀⠀😎😎⠀⠀⠀😍⠀⠀⠀😁⠀⠀⠀⠀⠀⠀⠀⠀⠀⠀⠀⠀⠀⠀⠀⠀⠀⠀⠀⠀⠀⠀⠀⠀⠀⠀⠀⠀⠀⠀⠀⠀⠀⠀⠀⠀⠀⠀⠀⠀⠀⠀⠀⠀⠀⠀⠀⠀⠀⠀⠀⠀⠀⠀⠀⠀⠀⠀⠀⠀⠀⠀⠀⠀⠀⠀⠀⠀⠀⠀⠀⠀⠀⠀⠀⠀⠀⠀⠀⠀⠀⠀⠀⠀⠀⠀⠀⠀⠀⠀⠀⠀⠀⠀⠀⠀⠀⠀⠀⠀']"
흑돼지는 정직한돈‼매일먹어도 먹고싶은내최애맛집 제발머겅❤ 🔥⠀@@오늘갈랭?🤭⠀⠀#애월맛집 #협재맛집 #한림맛집#애월흑돼지 #협재흑돼지 #한림흑돼지#애월흑돼지맛집 #협재흑돼지맛집 #한림흑돼지맛집#제주협재맛집 #제주한림맛집#협재해수욕장맛집 #제주흑돼지맛집 #제주흑돼지맛집추천 #제주흑돼지 #제주도흑돼지 #제주흑돼지맛집 #제주도흑돼지맛집#제주도맛집 #중문맛집⠀😎🤣😋⠀⠀😍⠀⠀😎😁😁⠀⠀⠀⠀⠀⠀⠀⠀⠀⠀⠀⠀⠀⠀⠀⠀⠀⠀⠀⠀⠀⠀⠀⠀⠀⠀⠀⠀⠀⠀⠀⠀⠀⠀⠀⠀⠀⠀⠀⠀⠀⠀⠀⠀⠀⠀⠀⠀⠀⠀⠀⠀⠀⠀⠀⠀⠀⠀⠀⠀⠀⠀⠀⠀⠀⠀⠀⠀⠀⠀⠀⠀⠀⠀⠀⠀⠀⠀⠀⠀⠀⠀⠀⠀⠀⠀⠀⠀⠀⠀⠀⠀⠀⠀⠀⠀⠀⠀⠀⠀⠀⠀,2021-08-19,0,,"['#애월맛집', '#협재맛집', '#한림맛집', '#애월흑돼지', '#협재흑돼지', '#한림흑돼지', '#애월흑돼지맛집', '#협재흑돼지맛집', '#한림흑돼지맛집', '#제주협재맛집', '#제주한림맛집', '#협재해수욕장맛집', '#제주흑돼지맛집', '#제주흑돼지맛집추천', '#제주흑돼지', '#제주도흑돼지', '#제주흑돼지맛집', '#제주도흑돼지맛집', '#제주도맛집', '#중문맛집⠀😎🤣😋⠀⠀😍⠀⠀😎😁😁⠀⠀⠀⠀⠀⠀⠀⠀⠀⠀⠀⠀⠀⠀⠀⠀⠀⠀⠀⠀⠀⠀⠀⠀⠀⠀⠀⠀⠀⠀⠀⠀⠀⠀⠀⠀⠀⠀⠀⠀⠀⠀⠀⠀⠀⠀⠀⠀⠀⠀⠀⠀⠀⠀⠀⠀⠀⠀⠀⠀⠀⠀⠀⠀⠀⠀⠀⠀⠀⠀⠀⠀⠀⠀⠀⠀⠀⠀⠀⠀⠀⠀⠀⠀⠀⠀⠀⠀⠀⠀⠀⠀⠀⠀⠀⠀⠀⠀⠀⠀⠀⠀']"
